model,charger_id,make,model_variant,price,price_src,amps,form_factor,cord_length,home_outlet,plug_types,wifi,warranty,safe_outdoors,made_in_america,details_link,spec_src,img,has_discount,discount_value,discount_code,certifications,volts_ac,kw_ac,incentives
HCS-40,ClipperCreek_HCS_40_,Enphase,,732,https://enphase.com/store/ev-chargers/commercial-ev-chargers/hcs-40-ev-charger,32.0,Wall mounted,25,Hardwired,J1772,False,3,True,True,https://enphase.com/store/ev-chargers/commercial-ev-chargers/hcs-40-ev-charger,https://enphase.com/store/ev-chargers/commercial-ev-chargers/hcs-40-ev-charger,https://assets.zappyride.com/img/chargers/ClipperCreek%20HCS-40.png,False,0,,"cETL, Energy Star, ETL",240.0,7.7,[]
HCS-40,ClipperCreek_HCS_40_P,Enphase,P,648,https://enphase.com/store/ev-chargers/residential-ev-chargers/clippercreek-hcs-40p-nema-6-50-plug-32,32.0,Wall mounted,25,"6-50,14-50",J1772,False,3,True,True,https://enphase.com/store/results?name=hcs-40-c13-p&sku=hcs-40-c13-p&description=hcs-40-c13-p&parent_name=hcs-40-c13-p&parent_sku=hcs-40-c13-p&parent_description=hcs-40-c13-p,https://enphase.com/store/ev-chargers/residential-ev-chargers/clippercreek-hcs-40p-nema-6-50-plug-32,https://assets.zappyride.com/img/chargers/ClipperCreek%20HCS-40%20P.png,False,0,,"cETL, Energy Star, ETL",240.0,7.7,[]
LCS-20,ClipperCreek_LCS_20_P,Enphase,P,336,https://enphase.com/store/results?name=lcs-20P&sku=lcs-20P&description=lcs-20P&parent_name=lcs-20P&parent_sku=lcs-20P&parent_description=lcs-20P,16.0,Wall mounted,25,"6-50, 14-30, 14-50",J1772,False,3,True,True,https://enphase.com/store/ev-chargers/clippercreek-lcs-20p-ev-charger-nema-6-50-plug-16,https://enphase.com/store/ev-chargers/clippercreek-ev-chargers/clippercreek-lcs-20p-ev-charger-nema-14-30-plug-16,https://assets.zappyride.com/img/chargers/ClipperCreek%20LCS-20%20P.png,False,0,,"cETL, cUL, Energy Star, ETL, UL",240.0,3.8,[]
HCS-50,ClipperCreek_HCS_50_,Enphase,,809,https://enphase.com/store/ev-chargers/commercial-ev-chargers/hcs-50-ev-charger,40.0,Wall mounted,25,Hardwired,J1772,False,3,True,True,https://enphase.com/store/ev-chargers/commercial-ev-chargers/hcs-50-ev-charger,https://enphase.com/store/ev-chargers/commercial-ev-chargers/hcs-50-ev-charger,https://assets.zappyride.com/img/chargers/ClipperCreek%20HCS-50.png,False,0,,"cETL, Energy Star, ETL",240.0,9.6,[]
HCS-60,ClipperCreek_HCS_60_,Enphase,,1099,https://enphase.com/store/ev-chargers/commercial-ev-chargers/hcs-60-ev-charger,48.0,Wall mounted,25,Hardwired,J1772,False,3,True,True,https://enphase.com/store/ev-chargers/commercial-ev-chargers/hcs-60-ev-charger,https://enphase.com/store/ev-chargers/commercial-ev-chargers/hcs-60-ev-charger,https://assets.zappyride.com/img/chargers/ClipperCreek%20HCS-60.png,False,0,,"cETL, Energy Star, ETL",240.0,11.5,[]
VersiCharge,Siemens_VersiCharge__VC30GRYU,Siemens,VC30GRYU,1094,https://www.amazon.com/dp/B00MFVI8UG/ref=sspa_dk_detail_0?pd_rd_i=B00MFVI8UG&pd_rd_wg=TR0cG&pd_rd_r=3J9NGFYCGKN3HMJPMXEP&pd_rd_w=VFqV7&th=1,30.0,Wall mounted,20,6-50,J1772,False,3,True,False,https://www.amazon.com/dp/B00MFVI92S/ref=as_li_tl?ie=UTF8&camp=1789&creative=390957&creativeASIN=B00AAKQWKM&linkCode=as2&tag=recargo-20&linkId=F5LSCR5OQTWC4CLP,https://new.siemens.com/us/en/products/energy/topics/transportation-electrification/versicharge-solutions.html,https://assets.zappyride.com/img/chargers/Siemens_VersiCharge%20VC30GRYU.png,False,0,,UL,240.0,7.2,[]
EV AC,Delta_EV_AC_30_Amp_18_inch,Delta,30A 18' Networked,960,https://www.evchargesolutions.com/Delta-30-Amp-EV-RFID-Charging-Station-p/evmu3015mws.htm,30.0,Wall mounted,18,Hardwired,J1772,True,3,False,False,https://www.evchargesolutions.com/Delta-30-Amp-EV-RFID-Charging-Station-p/evmu3015mws.htm,,https://assets.zappyride.com/img/chargers/Delta%20EV%20AC.png,False,0,,"cUL, UL",240.0,7.2,[]
Wall Wattz,WattZilla_Wall_Wattz_40_AMP,WattZilla,40-AMP,999,https://www.wattzilla.com/shop/index.htm#!/Wall-Wattz/p/75672364/category=0,40.0,Wall mounted,25,"14-50, Hardwired",J1772,False,1,True,True,https://www.wattzilla.com/shop/index.htm#!/Wall-Wattz/p/75672364/category=0,https://www.wattzilla.com/shop/index.htm#!/Wall-Wattz/p/75672364/category=0,https://assets.zappyride.com/img/chargers/WattZilla%20WallWatts.png,False,0,,UL,240.0,9.6,[]
Wall Wattz,WattZilla_Wall_Wattz_48_AMP,WattZilla,48-AMP,1249,https://www.wattzilla.com/shop/index.htm#!/Wall-Wattz/p/75672364/category=0,48.0,Wall mounted,25,"14-60, Hardwired",J1772,False,1,True,True,https://www.wattzilla.com/shop/index.htm#!/Wall-Wattz/p/75672364/category=0,https://www.wattzilla.com/shop/index.htm#!/Wall-Wattz/p/75672364/category=0,https://assets.zappyride.com/img/chargers/WattZilla%20WallWatts.png,False,0,,UL,240.0,11.5,[]
Black Mamba,WattZilla_Black_Mamba_40_AMP,WattZilla,40-AMP,1099,https://www.wattzilla.com/shop/index.htm#!/Black-Mamba/p/75672371/category=0,40.0,Portable,25,14-50,J1772,False,1,False,True,https://www.wattzilla.com/shop/index.htm#!/Black-Mamba/p/75672371/category=0,https://www.wattzilla.com/shop/index.htm#!/Black-Mamba/p/75672371/category=0,https://assets.zappyride.com/img/chargers/WattZilla%20Black%20Mamba.png,False,0,,"cUL, UL",240.0,9.6,[]
Black Mamba,WattZilla_Black_Mamba_48_AMP,WattZilla,48-AMP,1199,https://www.wattzilla.com/shop/index.htm#!/Black-Mamba/p/75672371/category=0,48.0,Portable,25,14-60,J1772,False,1,False,True,https://www.wattzilla.com/shop/index.htm#!/Black-Mamba/p/75672371/category=0,https://www.wattzilla.com/shop/index.htm#!/Black-Mamba/p/75672371/category=0,https://assets.zappyride.com/img/chargers/WattZilla%20Black%20Mamba.png,False,0,,"cUL, UL",240.0,11.5,[]
Home X5,FLO_Home_X5_Tungsten,FLO,,995,https://store.us.flo.com/products/flo-home-x5,30.0,Wall mounted,25,Hardwired,J1772,True,5,True,False,https://store.us.flo.com/products/flo-home-x5,,https://assets.zappyride.com/img/chargers/FLO_Home_X5_Tungsten.png,False,0,,"CSA, Energy Star, UL",240.0,7.2,[]
Home G5,FLO_Home_G5,FLO,,795,https://store.us.flo.com/products/flo-home-g5,30.0,Wall mounted,25,Hardwired,J1772,False,5,True,False,https://store.us.flo.com/products/flo-home-g5,,https://assets.zappyride.com/img/chargers/FLO_Home_G5.png,False,0,,"CSA, Energy Star, UL",240.0,7.2,[]
HCS-80,ClipperCreek_HCS_80_,Enphase,,1176,https://enphase.com/store/ev-chargers/commercial-ev-chargers/hcs-80-ev-charger,64.0,Wall mounted,25,Hardwired,J1772,False,3,True,True,https://enphase.com/store/ev-chargers/commercial-ev-chargers/hcs-80-ev-charger,https://enphase.com/store/ev-chargers/commercial-ev-chargers/hcs-80-ev-charger,https://assets.zappyride.com/img/chargers/ClipperCreek%20HCS-80.png,False,0,,"cETL, Energy Star, ETL",240.0,15.4,[]
HCS-D40,ClipperCreek_HCS_D40_,Enphase,,1484,https://enphase.com/store/ev-chargers/commercial-ev-chargers/clippercreek-hcs-d40-dual-32-hardwired-25-ft-cables,32.0,Wall mounted,25,Hardwired,J1772,False,3,True,True,https://enphase.com/store/clippercreek-hcs-d40p-dual-ev-charger-nema-14-50-plug-32,https://enphase.com/store/ev-chargers/clippercreek-ev-chargers,https://assets.zappyride.com/img/chargers/ClipperCreek%20HCS-D40.png,False,0,,"cETL, Energy Star, ETL",240.0,7.7,[]
HCS-D40,ClipperCreek_HCS_D40_P,Enphase,P,1506,https://enphase.com/store/clippercreek-hcs-d40p-dual-ev-charger-nema-14-50-plug-32,32.0,Wall mounted,25,"6-50, 14-50",J1772,False,3,True,True,https://store.clippercreek.com/residential/dual-ev-charging-station-nema-14-50-plug?limit=100,https://enphase.com/store/ev-chargers/residential-ev-chargers,https://assets.zappyride.com/img/chargers/ClipperCreek%20HCS-D40P.png,False,0,,"cETL, Energy Star, ETL",240.0,7.7,[]
VersiCharge,Siemens_VersiCharge__VCSG30GRYUW,Siemens,VCSG30GRYUW,1199,https://www.amazon.com/Siemens-VCSG30GRYUW-Versicharge-Electric-Vehicle/dp/B019DKKR7S?link=ce,30.0,Wall mounted,20,6-50,J1772,True,3,True,False,https://www.amazon.com/Siemens-VCSG30GRYUW-Versicharge-Electric-Vehicle/dp/B019DKKR7S?link=ce,https://new.siemens.com/us/en/products/energy/topics/transportation-electrification/versicharge-solutions.html,https://assets.zappyride.com/img/chargers/Siemens_VersiCharge%20VCSG30GRYUW.png,False,0,,UL,240.0,7.2,[]
TurboDX,Webasto_TurboDX_16_Amp_15_ft,Webasto,16 Amp 15',359,https://store.evsolutions.com/turbodx---16-amps---15ft-cable-ul-listed-p105.aspx,16.0,Wall mounted,15,Hardwired,J1772,False,3,True,False,https://store.evsolutions.com/turbodx---16-amps---15ft-cable-ul-listed-p105.aspx,https://store.evsolutions.com/turbodx---16-amps---15ft-cable-ul-listed-p105.aspx,https://assets.zappyride.com/img/chargers/Webasto%20TurboDX%2016%20Amp%2015%20ft.png,False,0,,"cUL, UL",240.0,3.8,[]
TurboDX,Webasto_TurboDX_16_Amp_25_ft,Webasto,16 Amp 25',379,https://store.evsolutions.com/turbodx---16-amps---25ft-cable-ul-listed-p102.aspx,16.0,Wall mounted,25,Hardwired,J1772,False,3,True,False,https://store.evsolutions.com/turbodx---16-amps---25ft-cable-ul-listed-p102.aspx,https://store.evsolutions.com/turbodx---16-amps---25ft-cable-ul-listed-p102.aspx,https://assets.zappyride.com/img/chargers/Webasto%20TurboDX%2016%20Amp%2025%20ft.png,False,0,,"cUL, UL",240.0,3.8,[]
EV400 Series,Bosch_EV400_Series_32A_25_ft,Bosch,32A / 25',921,https://www.amazon.com/Bosch-Automotive-EL-52503-Charging-Station/dp/B07PQ94RWW?th=1,32.0,Wall mounted,25,"6-50, Hardwired",J1772,False,3,True,True,https://www.boschevsolutions.com/charging-stations/ev400-series?sku=EL-52503,https://www.boschevsolutions.com/charging-stations/ev400-series?sku=EL-52503,https://assets.zappyride.com/img/chargers/Bosch%20EV400%20Series%2032A%2025%20ft.png,False,0,,UL,264.0,7.6,[]
Home Flex,ChargePoint_Home_Flex,ChargePoint,,549,https://www.chargepoint.com/drivers/home/chargepoint-home-flex,50.0,Wall mounted,23,"6-50, 14-50, Hardwired",J1772,True,3,True,False,https://www.chargepoint.com/drivers/home/chargepoint-home-flex/,https://www.chargepoint.com/files/datasheets/ds-home.pdf,https://assets.zappyride.com/img/chargers/ChargePoint%20Home%20Flex.png,False,0,,"cUL, Energy Star, UL",240.0,11.5,[]
Wall Wattz,WattZilla_Wall_Wattz_75_AMP,WattZilla,75-AMP,1799,https://www.wattzilla.com/shop/index.htm#!/Wall-Wattz/p/75672364/category=0,75.0,Wall mounted,25,"14-60, Hardwired",J1772,False,1,True,True,https://www.wattzilla.com/shop/index.htm#!/Wall-Wattz/p/75672364/category=0,https://www.wattzilla.com/shop/index.htm#!/Wall-Wattz/p/75672364/category=0,https://assets.zappyride.com/img/chargers/WattZilla%20WallWatts.png,False,0,,"Energy Star, UL",240.0,18.0,[]
DUO,WattZilla_DUO,WattZilla,,4195,https://www.wattzilla.com/products/duo.htm,80.0,Wall mounted,25,Hardwired,J1772,False,3,True,True,https://www.wattzilla.com/products/duo.htm,,https://assets.zappyride.com/img/chargers/WattZilla%20DUO.png,False,0,,"cUL, Energy Star, UL",240.0,19.2,[]
UNO,WattZilla_UNO,WattZilla,,2195,https://www.wattzilla.com/products/uno.htm,80.0,Wall mounted,25,Hardwired,J1772,False,3,True,True,https://www.wattzilla.com/products/uno.htm,,https://assets.zappyride.com/img/chargers/WattZilla%20UNO.png,False,0,,"cUL, Energy Star, UL",240.0,19.2,[]
TurboDX,Webasto_TurboDX_32_Amp_15_ft,Webasto,32 Amp 15',539,https://store.evsolutions.com/turbodx---32-amps---15ft-cable-ul-listed-p117.aspx,32.0,Wall mounted,15,Hardwired,J1772,False,3,True,False,https://store.evsolutions.com/turbodx---32-amps---15ft-cable-ul-listed-p117.aspx,https://store.evsolutions.com/turbodx---32-amps---15ft-cable-ul-listed-p117.aspx,https://assets.zappyride.com/img/chargers/Webasto%20TurboDX%2032%20Amp%2015%20ft.png,False,0,,"cUL, Energy Star, UL",240.0,7.6,[]
EV AC,Delta_EV_AC_30_Amp_25_inch_Networked,Delta,30A 25' Networked,1025,https://www.evchargesolutions.com/Delta-30-Amp-EV-Charging-Station-25-p/evmu3017mws.htm,30.0,Wall mounted,25,Hardwired,J1772,True,3,False,False,https://www.evchargesolutions.com/Delta-30-Amp-EV-Charging-Station-25-p/evmu3017mws.htm,,https://assets.zappyride.com/img/chargers/Delta%20EV%20AC.png,False,0,,"cUL, UL",240.0,7.2,[]
EV AC,Delta_EV_AC_40_Amp_25_inch_Networked,Delta,40A 25' Networked,1135,https://www.evchargesolutions.com/Delta-40-Amp-Networked-Charging-Station-25-p/evmu4017mws.htm,40.0,Wall mounted,25,Hardwired,J1772,True,3,False,False,https://www.evchargesolutions.com/Delta-40-Amp-Networked-Charging-Station-25-p/evmu4017mws.htm,,https://assets.zappyride.com/img/chargers/Delta%20EV%20AC.png,False,0,,"cUL, UL",240.0,9.6,[]
HCS-D50,ClipperCreek_HCS_D50_,Enphase,,1627,https://enphase.com/store/ev-chargers/clippercreek-ev-chargers/clippercreek-hcs-d50-dual-ev-charger-hardwired-40,40.0,Wall mounted,25,Hardwired,J1772,False,3,True,True,https://enphase.com/store/ev-chargers/clippercreek-ev-chargers/clippercreek-hcs-d50-dual-ev-charger-hardwired-40,https://enphase.com/store/ev-chargers/clippercreek-ev-chargers/clippercreek-hcs-d50-dual-ev-charger-hardwired-40,https://assets.zappyride.com/img/chargers/ClipperCreek%20HCS-D50.png,False,0,,"cETL, Energy Star, ETL",240.0,9.6,[]
Energy,PowerCharge_Energy_,PowerCharge,18',599,https://www.evchargesolutions.com/PowerCharge-Energy-Residential-Level-2-EV-Charger-p/e20swe.htm,32.0,Wall mounted,18,"6-50, Hardwired",J1772,False,3,True,False,https://www.evchargesolutions.com/PowerCharge-Energy-Series-EV-Charging-Station-p/e20swe.htm,,https://assets.zappyride.com/img/chargers/PowerChargeEnergy.png,False,0,,"cUL, UL",240.0,7.6,[]
Wall Universal Connector,Tesla_Wall_Connector_18_ft,Tesla,24',450,https://shop.tesla.com/product/wall-connector,48.0,Wall mounted,24,Hardwired,"Tesla,NACS",True,4,True,False,https://shop.tesla.com/product/universal-wall-connector,https://www.tesla.com/sites/default/files/support/charging/Gen3_WallConnector_Installation_Manual.pdf,https://assets.zappyride.com/img/chargers/Tesla%20Wall%20Connector.png,False,0,,"cUL, Energy Star, UL",240.0,11.5,[]
Pulsar Plus,Wallbox_Pulsar_Plus_40A,Wallbox,40A,649,https://wallbox.com/en_us/pulsar-plus-40a,40.0,Wall mounted,25,"14-50, Hardwired",J1772,True,3,True,False,https://wallbox.com/en_us/pulsar-plus-40a,https://wallbox.com/en_us/pulsar-plus-40a,https://assets.zappyride.com/img/chargers/Wallbox%20Pulsar%20Plus.png,False,0,,"cUL, UL",240.0,9.6,[]
EVSE,EvoCharge_EVSE_18_ft,EvoCharge,18',599,https://evocharge.com/product/evocharge-evse/,32.0,Wall mounted,18,"6-50, Hardwired",J1772,False,3,True,True,https://evocharge.com/product/evocharge-evse/,,https://assets.zappyride.com/img/chargers/EvoCharge%20EVSE.png,False,0,,"cUL, UL",240.0,7.7,[]
EVSE,EvoCharge_EVSE_25_ft,EvoCharge,25',599,https://evocharge.com/product/evocharge-evse/,32.0,Wall mounted,25,"6-50, Hardwired",J1772,False,3,True,True,https://evocharge.com/product/evocharge-evse/,,https://assets.zappyride.com/img/chargers/EvoCharge%20EVSE.png,False,0,,"cUL, UL",240.0,7.7,[]
iEVSE,EvoCharge_iEVSE_18_ft,EvoCharge,18',659,https://evocharge.com/product/evocharge-ievse/,32.0,Wall mounted,18,"6-50, Hardwired",J1772,True,3,True,True,https://evocharge.com/product/evocharge-ievse/,,https://assets.zappyride.com/img/chargers/EvoCharge%20EVSE.png,False,0,,"cUL, UL",240.0,7.7,[]
iEVSE,EvoCharge_iEVSE_25_ft,EvoCharge,25',599,https://evocharge.com/product/evocharge-ievse/,32.0,Wall mounted,25,"6-50, Hardwired",J1772,True,3,True,True,https://evocharge.com/product/evocharge-ievse/,,https://assets.zappyride.com/img/chargers/EvoCharge%20EVSE.png,False,0,,"cUL, UL",240.0,7.7,[]
SmartElek,Smartenit_SmartElek,Smartenit,,499,https://smartenit.com/shop/smartelek/,30.0,Portable,23,6-50,J1772,True,3,True,False,https://smartenit.com/shop/smartelek/,,https://assets.zappyride.com/img/chargers/Smartenit%20SmartElek.png,False,0,,"CSA, ETL, UL",240.0,7.2,[]
AW Series,Phihong_AW_Series_LU770,Phihong,LU770,1078,estimate,32.0,Wall mounted,16,Hardwired,J1772,True,1,True,False,https://www.phihong.com/aw-series/,https://www.phihong.com/wp-content/uploads/AW_Series_32A_AC_Charger.pdf,https://assets.zappyride.com/img/chargers/Phihong%20AW%20Series.png,False,0,,"cUL, FCC, UL",240.0,7.7,[]
Energy,PowerCharge_Energy_25_ft,PowerCharge,25',609,https://www.evchargesolutions.com/PowerCharge-Energy-Residential-Level-2-EV-Charger-p/e20swe.htm,32.0,Wall mounted,25,"6-50, Hardwired",J1772,False,3,True,False,https://www.evchargesolutions.com/PowerCharge-Energy-Series-EV-Charging-Station-p/e20swe.htm,,https://assets.zappyride.com/img/chargers/PowerChargeEnergy.png,False,0,,"cUL, UL",240.0,7.6,[]
Connected Charge Station,Ford_Connected_Charge_Station,Ford,48A,799,https://chargers.ford.com/products/ford-connected-charge-station,48.0,Wall mounted,20,Hardwired,J1772,True,3,True,False,https://chargers.ford.com/products/ford-connected-charge-station,https://www.ford.com/support/how-tos/electric-vehicles/home-charging/what-is-a-ford-connected-charge-station/,https://assets.zappyride.com/img/chargers/Ford%20Connected%20Charge%20Station.png,False,0,,ETL,240.0,11.5,[]
CSE1,Cyber_Switching_CSE1_10kw_wifi,Cyber Switching,10kW w/ WiFi,1220,https://cyberswitching.com/product/cyber-ev-charger-cse1/,40.0,Wall mounted,18,Hardwired,J1772,True,0,True,False,https://cyberswitching.com/product/cyber-ev-charger-cse1/,https://cyberswitching.com/ev-charging-station/,https://assets.zappyride.com/img/chargers/Cyber%20Switching%20CSE1.png,False,0,,"Energy Star, ETL, UL",240.0,10.0,[]
CSE1,Cyber_Switching_CSE1_11.5kw_wifi,Cyber Switching,11.5kW w/ WiFi,1220,https://cyberswitching.com/product/cyber-ev-charger-cse1/,48.0,Wall mounted,18,Hardwired,J1772,True,0,True,False,https://cyberswitching.com/product/cyber-ev-charger-cse1/,https://cyberswitching.com/ev-charging-station/,https://assets.zappyride.com/img/chargers/Cyber%20Switching%20CSE1.png,False,0,,"Energy Star, ETL, UL",240.0,11.5,[]
CSE1,Cyber_Switching_CSE1_10kw_4G,Cyber Switching,10kW w/ 4G,1220,https://cyberswitching.com/product/cyber-ev-charger-cse1/,40.0,Wall mounted,18,Hardwired,J1772,False,0,True,False,https://cyberswitching.com/product/cyber-ev-charger-cse1/,https://cyberswitching.com/ev-charging-station/,https://assets.zappyride.com/img/chargers/Cyber%20Switching%20CSE1.png,False,0,,"Energy Star, ETL, UL",240.0,10.0,[]
CSE1,Cyber_Switching_CSE1_11.5kw_4G,Cyber Switching,11.5kW w/ 4G,1220,https://cyberswitching.com/product/cyber-ev-charger-cse1/,48.0,Wall mounted,18,Hardwired,J1772,False,0,True,False,https://cyberswitching.com/product/cyber-ev-charger-cse1/,https://cyberswitching.com/ev-charging-station/,https://assets.zappyride.com/img/chargers/Cyber%20Switching%20CSE1.png,False,0,,"Energy Star, ETL, UL",240.0,11.5,[]
EV700,TurnOnGreen_EV700_S18_6-50,TurnOnGreen,S18-NEMA 6-50,599,TurnOnGreen,32.0,Wall mounted,18,6-50,J1772,True,3,True,False,https://turnongreen.com/,https://turnongreen.com/,https://assets.zappyride.com/img/chargers/TurnOnGreen%20EV700%20S18%206-50.png,False,0,,"Energy Star, TUV",240.0,7.6,[]
EV700,TurnOnGreen_EV700_S18_14-50,TurnOnGreen,S18-NEMA 14-50,599,TurnOnGreen,32.0,Wall mounted,18,14-50,J1772,True,3,True,False,https://turnongreen.com/,https://turnongreen.com/,https://assets.zappyride.com/img/chargers/TurnOnGreen%20EV700%20S18%2014-50.png,False,0,,"Energy Star, TUV",240.0,7.6,[]
Smart Home EV Charger,Emporia_Smart_Home_EV_Charger_,Emporia,,399,https://shop.emporiaenergy.com/collections/ev-chargers/products/smart-home-ev-charger-ul-listed,48.0,Wall mounted,24,"14-50, Hardwired",J1772,True,3,True,False,https://shop.emporiaenergy.com/collections/ev-chargers/products/smart-home-ev-charger-ul-listed,https://www.emporiaenergy.com/technical-specs#smart-plug,https://assets.zappyride.com/img/chargers/Emporia%20Smart%20Home%20EV%20Charger.png,False,0,,"cUL, Energy Star, NEC, UL",240.0,11.5,[]
Booster 2,J_Plus_Booster_2_,J+,,467,https://www.amazon.com/dp/B0B4PGMHK9/ref=cm_sw_r_apa_i_T2RS47NHBFS49CN5ZTYS_1,40.0,Portable,25,"6-20, 6-50, 14-30, 14-50",J1772,False,0,True,False,https://www.jplus.world/jplus-booster,https://www.jplus.world/jplus-booster,https://assets.zappyride.com/img/chargers/J%20Plus%20Booster%202.png,False,0,,UL,240.0,9.6,[]
Mobile Connector,Tesla_Mobile_Connector_,Tesla,,250,https://shop.tesla.com/product/mobile-connector?sku=1763817-00-A,32.0,Portable,20,14-50,"Tesla,NACS",False,4,False,False,https://shop.tesla.com/product/mobile-connector?sku=1763817-00-A,https://www.tesla.com/sites/default/files/pdfs/charging_docs/gen_2_umc/Gen2_UMC_Manual_en_US.pdf,https://assets.zappyride.com/img/chargers/Tesla%20Mobile%20Connector.png,False,0,,UL,240.0,7.6,[]
AC-5500G,Power_Pump_AC_5500G_Wall_Mounted,PowerPump,,1190,PowerPump,40.0,Wall mounted,25,14-50,J1772,True,2,True,True,https://powerpump.io/level-2/,PowerPump,https://assets.zappyride.com/img/chargers/Power%20Pump%20AC%205500G%20Wall%20Mounted.png,False,0,,"Energy Star, UL",240.0,10.0,[]
AC-5500,Power_Pump_AC_5500_Wall_Mounted,PowerPump,,995,PowerPump,40.0,Wall mounted,25,14-50,J1772,True,2,True,True,https://powerpump.io/level-2/,PowerPump,https://assets.zappyride.com/img/chargers/Power%20Pump%20AC%205500%20Wall%20Mounted.png,False,0,,"Energy Star, UL",240.0,10.0,[]
Terra AC,ABB_Terra_AC_Wallbox_W7-P8-R-C-0,ABB,W7-P8-R-C-0,713,https://chargingshop.eu/product/abb-terra-ac-7-kw-type-2-cable/#,32.0,Wall mounted,25,Hardwired,J1772,True,2,True,False,https://new.abb.com/ev-charging/terra-ac-wallbox,https://new.abb.com/docs/librariesprovider54/publikationer/9akk107680a2257_rev-d_terra_ac_wallbox_brochure.pdf?sfvrsn=c4070c17_2,https://assets.zappyride.com/img/chargers/ABB%20Terra%20AC%20Wallbox%20W7-P8-R-C-0.png,False,0,,"CE, Energy Star, UL",240.0,7.7,[]
Terra AC,ABB_Terra_AC_Wallbox_W7-P8-R-D-0,ABB,W7-P8-R-D-0,713,https://chargingshop.eu/product/abb-terra-ac-7-kw-type-2-cable/#,32.0,Wall mounted,25,Hardwired,J1772,True,2,True,False,https://new.abb.com/ev-charging/terra-ac-wallbox,https://new.abb.com/docs/librariesprovider54/publikationer/9akk107680a2257_rev-d_terra_ac_wallbox_brochure.pdf?sfvrsn=c4070c17_3,https://assets.zappyride.com/img/chargers/ABB%20Terra%20AC%20Wallbox%20W7-P8-R-D-0.png,False,0,,"CE, Energy Star, UL",240.0,7.7,[]
Terra AC,ABB_Terra_AC_Wallbox_W7-P8-R-CD-0,ABB,W7-P8-R-CD-0,613,https://chargingshop.eu/product/abb-terra-ac-7-4-kw-32-a-type-2-socket-and-wifi-grid-elec/,32.0,Wall mounted,25,Hardwired,J1772,True,2,True,False,https://new.abb.com/ev-charging/terra-ac-wallbox,https://new.abb.com/docs/librariesprovider54/publikationer/9akk107680a2257_rev-d_terra_ac_wallbox_brochure.pdf?sfvrsn=c4070c17_4,https://assets.zappyride.com/img/chargers/ABB%20Terra%20AC%20Wallbox%20W7-P8-R-CD-0.png,False,0,,"CE, Energy Star, UL",240.0,7.7,[]
Terra AC,ABB_Terra_AC_Wallbox_W7-P8-RD-MD-0,ABB,W7-P8-RD-MD-0,614,https://chargingshop.eu/product/abb-terra-ac-7-4-kw-32-a-type-2-socket-and-wifi-grid-elec/,32.0,Wall mounted,25,Hardwired,J1772,True,2,True,False,https://new.abb.com/ev-charging/terra-ac-wallbox,https://new.abb.com/docs/librariesprovider54/publikationer/9akk107680a2257_rev-d_terra_ac_wallbox_brochure.pdf?sfvrsn=c4070c17_5,https://assets.zappyride.com/img/chargers/ABB%20Terra%20AC%20Wallbox%20W7-P8-RD-MD-0.png,False,0,,"CE, Energy Star, UL",240.0,7.7,[]
Terra AC,ABB_Terra_AC_Wallbox_W7-P8-RD-MCD-0,ABB,W7-P8-RD-MD-0,790,https://chargingshop.eu/product/abb-terra-ac-7kw-type-2-socket-b21-smartmeter-dynamic-load-balancing/,32.0,Wall mounted,25,Hardwired,J1772,True,2,True,False,https://new.abb.com/ev-charging/terra-ac-wallbox,https://new.abb.com/docs/librariesprovider54/publikationer/9akk107680a2257_rev-d_terra_ac_wallbox_brochure.pdf?sfvrsn=c4070c17_6,https://assets.zappyride.com/img/chargers/ABB%20Terra%20AC%20Wallbox%20W7-P8-RD-MCD-0.png,False,0,,"CE, Energy Star, UL",240.0,7.7,[]
Level 2 EV Charger,PRIMECOM_16A_Level_2_220V,PRIMECOM,16A 30',299,https://www.primecom.tech/products/new-16-amp-level-2-portable-ev-charger?variant=31492869685299,16.0,Wall mounted,30,Hardwired,J1772,False,12,True,True,https://www.primecom.tech/products/new-16-amp-level-2-portable-ev-charger?variant=31492869685299,https://www.primecom.tech,https://assets.zappyride.com/img/chargers/PRIMECOM%2016A%20Level%202%20220V.png,False,0,,"CE, TUV, UL",240.0,3.8,[]
Level 2 EV Charger Adjustable Amps,PRIMECOM_32A_Level_2_100V,PRIMECOM,32A 30',549,https://www.primecom.tech/collections/level-2-32-amp/products/level-2-electric-vehicle-ev-charger-amperage-adjustable?variant=32624198647859,32.0,Wall mounted,30,"6-50,10-50,14-50",J1772,False,12,True,True,https://www.primecom.tech/collections/level-2-32-amp/products/level-2-electric-vehicle-ev-charger-amperage-adjustable?variant=32624198647859,https://www.primecom.tech,https://assets.zappyride.com/img/chargers/PRIMECOM%2032A%20Level%202%20100V.png,False,0,,"CE, TUV, UL",240.0,7.2,[]
Level 2 Smart EV Charger,PRIMECOM_32A_Level_2_Smart_110V,PRIMECOM,32A 25',489,https://www.primecom.tech/collections/level-2-32-amp/products/32-40-amp-level-2-smart-ev-charter-220-volt-25-30-feet-length?variant=32469483585587,32.0,Wall mounted,25,"6-50,10-50,14-50,Hardwired",J1772,False,12,True,True,https://www.primecom.tech/collections/level-2-32-amp/products/32-40-amp-level-2-smart-ev-charter-220-volt-25-30-feet-length?variant=32469483585587,https://www.primecom.tech,https://assets.zappyride.com/img/chargers/PRIMECOM%2032A%20Level%202%20Smart%20110V.png,False,0,,"CE, TUV",240.0,7.2,[]
Level 2 EV Charger,PRIMECOM_40A_Level_2_220V,PRIMECOM,40A 30',599,https://www.primecom.tech/collections/level-2-40-amp/products/40-48-amp-ev-charger-220-volt-30-40-50-feet?variant=21529867616304,40.0,Wall mounted,30,"6-50,10-50,14-50",J1772,False,12,True,True,https://www.primecom.tech/collections/level-2-40-amp/products/40-48-amp-ev-charger-220-volt-30-40-50-feet?variant=21529867616304,https://www.primecom.tech,https://assets.zappyride.com/img/chargers/PRIMECOM%2040A%20Level%202%20220V.png,False,0,,"CE, TUV",240.0,9.6,[]
Level 2 Smart EV Charger,PRIMECOM_40A_Level_2_Smart_220V,PRIMECOM,40A 25',549,https://www.primecom.tech/collections/level-2-40-amp/products/32-40-amp-level-2-smart-ev-charter-220-volt-25-30-feet-length?variant=32469483749427,40.0,Wall mounted,25,"6-50,10-50,14-50,Hardwired",J1772,False,12,True,True,https://www.primecom.tech/collections/level-2-40-amp/products/32-40-amp-level-2-smart-ev-charter-220-volt-25-30-feet-length?variant=32469483749427,https://www.primecom.tech,https://assets.zappyride.com/img/chargers/PRIMECOM%2040A%20Level%202%20Smart%20220V.png,False,0,,"CE, TUV",240.0,9.6,[]
Level 2 EV Charger Adjustable Amps,PRIMECOM_50A_Level_2_220V,PRIMECOM,50A 25',799,https://www.primecom.tech/products/50-amp-level-2-adjustable-ev-charger?variant=32682894655539,50.0,Wall mounted,25,"6-50,10-50,14-50,Hardwired",J1772,False,12,True,True,https://www.primecom.tech/products/50-amp-level-2-adjustable-ev-charger?variant=32682894655539,https://www.primecom.tech,https://assets.zappyride.com/img/chargers/PRIMECOM%2050A%20Level%202%20220V.png,False,0,,"CE, TUV, UL",240.0,12.0,[]
"Electric Vehicle Charger, 30A",Hubbell_Electric_Vehicle_Charger_30A,Hubbell Wiring Device Kellems,,799,https://store.hubbell.com/product/2623578,30.0,Wall mounted,20,Hardwired,J1772,False,0,False,True,https://store.hubbell.com/product/2623578,https://store.hubbell.com/product/2623578,https://assets.zappyride.com/img/chargers/Hubbell%20Electric%20Vehicle%20Charger%2030A.png,False,0,,"cUL, UL",240.0,7.2,[]
AxFAST 32A,Accell_AxFAST_32a,Accell,,549,https://www.amazon.com/AxFAST-Accell-3202-32Amp-Portable/dp/B07YVPLFHP,32.0,Portable,25,14-50,J1772,False,2,True,False,https://www.accellww.com/collections/ev-charger/products/axfast-3202,https://www.amazon.com/AxFAST-Accell-3202-32Amp-Portable/dp/B07YVPLFHP,https://assets.zappyride.com/img/chargers/Accell%20AxFAST%2032a.png,False,0,,"FCC, UL",240.0,7.68,[]
AxFAST 16A,Accell_AxFAST_16a,Accell,,290,https://www.amazon.com/Accell-Dual-voltage-Portable-Electric-Vehicle/dp/B07GYYMW94,16.0,Portable,25,6-20,J1772,False,1,True,False,https://www.accellww.com/collections/ev-charger/products/axfast,https://www.amazon.com/Accell-Dual-voltage-Portable-Electric-Vehicle/dp/B07GYYMW94,https://assets.zappyride.com/img/chargers/Accell%20AxFAST%2016a.png,False,0,,"FCC, UL",240.0,3.84,[]
7.2kW Portable Level 1/Level 2 AC Charger,Lightning_eMotors_7.2kW_Portable_Level_2_AC_Charger,Lightning eMotors,,550,estimate,32.0,Portable,25,"5-15,14-50",J1772,False,2,True,False,https://lightningemotors.com/ac-chargers/,https://link.assetfile.io/303McXziILMiDREdrOsV6P.pdf,https://assets.zappyride.com/img/chargers/Lightning%20eMotors%207.2kW%20Portable%20Level%202%20AC%20Charger.png,False,0,,"cUL, ETL, FCC, NEC, UL",240.0,7.2,[]
EV Flex,Loop_EVFlex_Single,Loop,,4150,estimate,32.0,Wall mounted,25,Hardwired,J1772,True,3,True,False,https://evloop.io/,https://usermanuals.evloop.io/ev-flex_spec-sheet.pdf,https://assets.zappyride.com/img/chargers/Loop%20EVFlex%20Single.png,False,0,,"Energy Star, FCC, UL",240.0,7.68,[]
Wall Charger,Rivian_Waypoints_AC_Single,Rivian,,800,https://rivian.com/gear-shop/p/wall-charger,48.0,Wall mounted,25,Hardwired,J1772,True,5,True,False,https://rivian.com/gear-shop/p/wall-charger,https://rivian.com/gear-shop/p/wall-charger,https://assets.zappyride.com/img/chargers/Rivian%20Waypoints%20AC%20Single.png,False,0,,"Energy Star, FCC, UL",240.0,11.5,[]
Pulsar Plus,Wallbox_Pulsar_Plus,Wallbox,40A,649,https://wallbox.com/en_us/pulsar-plus-40a,40.0,Wall mounted,25,"14-50, Hardwired",J1772,True,3,True,False,https://wallbox.com/en_us/pulsar-plus-40a,https://wallbox.com/en_us/pulsar-plus-40a,https://assets.zappyride.com/img/chargers/Wallbox%20Pulsar%20Plus.png,False,0,,"cUL, UL",240.0,9.6,[]
Charge Station Pro,Ford_Charge_Station_Pro_48a,Sunrun/Ford,48A,799,https://chargers.ford.com/products/ford-connected-charge-station,48.0,Wall mounted,25,Hardwired,J1772,True,3,True,False,https://chargers.ford.com/products/ford-connected-charge-station,https://chargers.ford.com/products/ford-connected-charge-station,https://assets.zappyride.com/img/chargers/Ford%20Charge%20Station%20Pro%2048a.png,False,0,,UL,240.0,11.0,[]
Charge Station Pro,Ford_Charge_Station_Pro_80a,Sunrun/Ford,80A,1310,https://chargers.ford.com/,80.0,Wall mounted,25,Hardwired,J1772,True,3,True,False,https://chargers.ford.com/products/ford-charge-station-pro,https://chargers.ford.com/products/ford-charge-station-pro,https://assets.zappyride.com/img/chargers/Ford%20Charge%20Station%20Pro%2080a.png,False,0,,UL,240.0,19.2,[]
AWLU770,Mid-Cour_AW32A_Hardwired,Mid-Cour,,2032,estimate,32.0,Wall mounted,13,Hardwired,J1772,True,0,True,False,https://mid-cour.com/our-products/,https://mid-cour.com/wp-content/uploads/2022/03/32av-ac-charger.pdf,https://assets.zappyride.com/img/chargers/Mid-Cour%20AW32A%20Hardwired.png,False,0,,"FCC, UL",240.0,7.7,[]
AW8U770,Mid-Cour_AW32A_14-50,Mid-Cour,,2032,estimate,32.0,Wall mounted,13,14-50,J1772,True,0,True,False,https://mid-cour.com/our-products/,https://mid-cour.com/wp-content/uploads/2022/03/32av-ac-charger.pdf,https://assets.zappyride.com/img/chargers/Mid-Cour%20AW32A%2014-50.png,False,0,,"FCC, UL",240.0,7.7,[]
AW9U770,Mid-Cour_AW32A_6-50,Mid-Cour,,2032,estimate,32.0,Wall mounted,13,6-50,J1772,True,0,True,False,https://mid-cour.com/our-products/,https://mid-cour.com/wp-content/uploads/2022/03/32av-ac-charger.pdf,https://assets.zappyride.com/img/chargers/Mid-Cour%20AW32A%206-50.png,False,0,,"FCC, UL",240.0,7.7,[]
Green Motion Smart Breaker Charger,Eaton_Green_Motion_Smart_Breaker_Charger_Direct_Connect_Kit,Eaton,Direct Connect Kit,813,https://www.platt.com/s/search?q=eaton%20charger,32.0,Wall mounted,25,Hardwired,J1772,True,3,False,False,https://www.eaton.com/us/en-us/catalog/electrical-circuit-protection/ev-charging-smart-breakers.html,https://www.eaton.com/us/en-us/catalog/electrical-circuit-protection/ev-charging-smart-breakers.resources.html,https://assets.zappyride.com/img/chargers/Eaton%20Green%20Motion%20Breaker%20Charger%20Direct%20Connect%20Kit.png,False,0,,"CSA, Energy Star, FCC, UL",240.0,7.7,[]
Green Motion Building,Eaton_Green_Motion_Building,Eaton,,882,https://www.platt.com/s/search?q=eaton%20charger,40.0,Wall mounted,25,Hardwired,J1772,True,3,True,False,https://www.eaton.com/us/en-us/catalog/emobility/green-motion-building-na.html,https://www.eaton.com/us/en-us/catalog/emobility/green-motion-building-na.resources.html,https://assets.zappyride.com/img/chargers/Eaton%20Green%20Motion%20Building.png,False,0,,"Energy Star, ETL, FCC",240.0,9.6,[]
32A Basic,LITEON_32A_AC_Basic,LITEON,,550,estimate,32.0,Wall mounted,25,6-50,J1772,False,0,True,True,https://www.liteon.com/en-us/product/430,https://www.liteon.com/en-us/product/430,https://assets.zappyride.com/img/chargers/LITEON%2032A%20AC%20Basic.png,False,0,,UL,240.0,7.6,[]
32A Smart,LITEON_32A_AC_Smart,LITEON,,550,estimate,32.0,Wall mounted,25,6-50,J1772,True,0,True,True,https://www.liteon.com/en-us/product/430,https://www.liteon.com/en-us/product/430,https://assets.zappyride.com/img/chargers/LITEON%2032A%20AC%20Smart.png,False,0,,UL,240.0,7.6,[]
32A Intelligent,LITEON_32A_AC_Intelligent,LITEON,,550,estimate,32.0,Wall mounted,25,Hardwired,J1772,True,0,True,True,https://www.liteon.com/en-us/product/430,https://www.liteon.com/en-us/product/430,https://assets.zappyride.com/img/chargers/LITEON%2032A%20AC%20Intelligent.png,False,0,,UL,240.0,7.6,[]
40A Basic,LITEON_40A_AC_Basic,LITEON,,1099,estimate,40.0,Wall mounted,25,6-50,J1772,False,0,True,True,https://www.liteon.com/en-us/product/430,https://www.liteon.com/en-us/product/430,https://assets.zappyride.com/img/chargers/LITEON%2040A%20AC%20Basic.png,False,0,,UL,240.0,9.6,[]
40A Smart,LITEON_40A_AC_Smart,LITEON,,1099,estimate,40.0,Wall mounted,25,6-50,J1772,True,0,True,True,https://www.liteon.com/en-us/product/430,https://www.liteon.com/en-us/product/430,https://assets.zappyride.com/img/chargers/LITEON%2040A%20AC%20Smart.png,False,0,,UL,240.0,9.6,[]
40A Intelligent,LITEON_40A_AC_Intelligent,LITEON,,1099,estimate,40.0,Wall mounted,25,Hardwired,J1772,True,0,True,True,https://www.liteon.com/en-us/product/430,https://www.liteon.com/en-us/product/430,https://assets.zappyride.com/img/chargers/LITEON%2040A%20AC%20Intelligent.png,False,0,,UL,240.0,9.6,[]
48A Basic,LITEON_48A_AC_Basic,LITEON,,1350,estimate,48.0,Wall mounted,25,6-50,J1772,False,0,True,True,https://www.liteon.com/en-us/product/430,https://www.liteon.com/en-us/product/430,https://assets.zappyride.com/img/chargers/LITEON%2048A%20AC%20Basic.png,False,0,,UL,240.0,11.5,[]
48A Smart,LITEON_48A_AC_Smart,LITEON,,1350,estimate,48.0,Wall mounted,25,6-50,J1772,True,0,True,True,https://www.liteon.com/en-us/product/430,https://www.liteon.com/en-us/product/430,https://assets.zappyride.com/img/chargers/LITEON%2048A%20AC%20Smart.png,False,0,,UL,240.0,11.5,[]
48A Intelligent,LITEON_48A_AC_Intelligent,LITEON,,1350,estimate,48.0,Wall mounted,25,Hardwired,J1772,True,0,True,True,https://www.liteon.com/en-us/product/430,https://www.liteon.com/en-us/product/430,https://assets.zappyride.com/img/chargers/LITEON%2048A%20AC%20Intelligent.png,False,0,,UL,240.0,11.5,[]
80A Basic,LITEON_80A_AC_Basic,LITEON,,5148,estimate,80.0,Wall mounted,25,6-50,J1772,False,0,True,True,https://www.liteon.com/en-us/product/430,https://www.liteon.com/en-us/product/430,https://assets.zappyride.com/img/chargers/LITEON%2080A%20AC%20Basic.png,False,0,,UL,240.0,19.2,[]
80A Smart,LITEON_80A_AC_Smart,LITEON,,5148,estimate,80.0,Wall mounted,25,6-50,J1772,True,0,True,True,https://www.liteon.com/en-us/product/430,https://www.liteon.com/en-us/product/430,https://assets.zappyride.com/img/chargers/LITEON%2080A%20AC%20Smart.png,False,0,,UL,240.0,19.2,[]
80A Intelligent,LITEON_80A_AC_Intelligent,LITEON,,5148,estimate,80.0,Wall mounted,25,Hardwired,J1772,True,0,True,True,https://www.liteon.com/en-us/product/430,https://www.liteon.com/en-us/product/430,https://assets.zappyride.com/img/chargers/LITEON%2080A%20AC%20Intelligent.png,False,0,,UL,240.0,19.2,[]
ICE-40 AC,InCharge_40A_AC_9.6kW,InCharge,,1099,estimate,40.0,Wall mounted,25,14-50,J1772,True,0,True,True,https://www.inchargeus.com/products/,https://www.inchargeus.com/products/,https://assets.zappyride.com/img/chargers/ICE%2040A%20AC%209.6kW.png,False,0,,"TUV, UL",240.0,9.6,[]
ICE-80 AC,InCharge_80A_AC_19.2kW,InCharge,,2627,estimate,80.0,Wall mounted,25,14-50,J1772,True,0,True,True,https://www.inchargeus.com/products/,https://www.inchargeus.com/products/,https://assets.zappyride.com/img/chargers/ICE%2080A%20AC%2019.2kW.png,False,0,,UL,240.0,19.2,[]
BS-PCD020,BESEN_portable_charger_3.6kW,BESEN,Portable,749,Estimate,16.0,Portable,16,6-20,J1772,False,1,True,False,https://www.besen-group.com/product-category/portable-ev-charger/#,https://www.besen-group.com/product-category/portable-ev-charger/#,https://assets.zappyride.com/img/chargers/BESEN%20portable%20charger%203.6kW.png,False,0,,"CE, CSA, TUV",220.0,3.6,[]
BS-PCD030,BESEN_portable_charger_3.6kW_LCD,BESEN,Portable,799,Estimate,16.0,Portable,16,6-20,J1772,False,1,True,False,https://www.besen-group.com/product-category/portable-ev-charger/#,https://www.besen-group.com/product-category/portable-ev-charger/#,https://assets.zappyride.com/img/chargers/BESEN%20portable%20charger%203.6kW%20LCD.png,False,0,,"CE, TUV",220.0,3.6,[]
BS-PCD040,BESEN_portable_charger_8.8kW_LCD,BESEN,Portable,999,Estimate,40.0,Portable,16,14-50,J1772,False,1,True,False,https://www.besen-group.com/product-category/portable-ev-charger/#,https://www.besen-group.com/product-category/portable-ev-charger/#,https://assets.zappyride.com/img/chargers/BESEN%20portable%20charger%208.8kW%20LCD.png,False,0,,"CE, ETL, FCC, Rohs",220.0,8.8,[]
BS-PCD050,BESEN_portable_charger_16kW_LCD_Touch,BESEN,Portable,1299,Estimate,32.0,Portable,16,Hardwired,"J1772,Mennekes",False,1,True,False,https://www.besen-group.com/product-category/portable-ev-charger/#,https://www.besen-group.com/product-category/portable-ev-charger/#,https://assets.zappyride.com/img/chargers/BESEN%20portable%20charger%2016kW%20LCD%20Touch.png,False,0,,"CE, Rohs",220.0,16.0,[]
PEVC2107,Piwin_32A_22kW_EV_Charger_Wall_mount_2107,Piwin,32A 22kW Wall mount 2107,353,https://drive.google.com/file/d/19TmWvPMH29EIMOW-WHmStH1D8xT5mEuj/view?usp=sharing,32.0,Wall mounted,16,Hardwired,J1772,True,3,True,False,https://www.kinouwellparking.com/product-category/ev-charger-products/ev-charger/home-ev-charger,https://www.kinouwellparking.com/product/kinouwell-kw-pevc2107-22kw-32a-electric-car-charging-station-with-type1-type2-plug.html,https://assets.zappyride.com/img/chargers/Piwin%2032A%2022kW%20EV%20Charger%20Wall%20mount%202107.png,False,0,,"CE, FCC, SGS",220.0,22.0,[]
PEVC2107,Piwin_16A_11kW_EV_Charger_Wall_mount_2107,Piwin,16A 11kW Wall mount 2107,311,https://drive.google.com/file/d/19TmWvPMH29EIMOW-WHmStH1D8xT5mEuj/view?usp=sharing,16.0,Wall mounted,16,Hardwired,J1772,True,3,True,False,https://www.kinouwellparking.com/product-category/ev-charger-products/ev-charger/home-ev-charger,https://www.kinouwellparking.com/product/kw-pevc2107-11kw-16-amp-ev-charger-for-home-business.html,https://assets.zappyride.com/img/chargers/Piwin%2016A%2011kW%20EV%20Charger%20Wall%20mount%202107.png,False,0,,"CE, FCC, SGS",220.0,11.0,[]
PEVC2107,Piwin_32A_7kW_EV_Charger_Wall_mount_2107,Piwin,32A 7kW Wall mount 2107,308,https://drive.google.com/file/d/19TmWvPMH29EIMOW-WHmStH1D8xT5mEuj/view?usp=sharing,32.0,Wall mounted,16,Hardwired,J1772,True,3,True,False,https://www.kinouwellparking.com/product-category/ev-charger-products/ev-charger/home-ev-charger,https://www.kinouwellparking.com/product/kinouwell-kw-pevc2107-7kw-32-amp-electric-vehicle-ev-charging-station.html,https://assets.zappyride.com/img/chargers/Piwin%2032A%207kW%20EV%20Charger%20Wall%20mount%202107.png,False,0,,"CE, FCC, SGS",220.0,7.0,[]
PEVC2201,Piwin_16A_11kW_EV_Charger_Wall_mount_2201,Piwin,16A 11kW Wall mount 2201,486,https://drive.google.com/file/d/1_-1H1hdbLCK3U05PLdEsgbDq8qHYp4h1/view?usp=share_link,16.0,Wall mounted,16,Hardwired,J1772,True,3,True,False,https://www.kinouwellparking.com/product-category/ev-charger-products/ev-charger/home-ev-charger,https://www.kinouwellparking.com/product/kinouwell-kw-pevc2201-type-2-16a-11kw-ac-ev-charging-station-with-ocpp1-6j.html,https://assets.zappyride.com/img/chargers/Piwin%2016A%2011kW%20EV%20Charger%20Wall%20mount%202201.png,False,0,,"CE, FCC, SGS",400.0,11.0,[]
PEVC2201,Piwin_32A_22kW_EV_Charger_Wall_mount_2201,Piwin,32A 22kW Wall mount 2201,536,https://drive.google.com/file/d/1_-1H1hdbLCK3U05PLdEsgbDq8qHYp4h1/view?usp=share_link,32.0,Wall mounted,16,Hardwired,J1772,True,3,True,False,https://www.kinouwellparking.com/product-category/ev-charger-products/ev-charger/home-ev-charger,https://www.kinouwellparking.com/product/kinouwell-kw-pevc2201-22kw-type-2-level-2-ev-car-charger-for-home-business.html,https://assets.zappyride.com/img/chargers/Piwin%2032A%2022kW%20EV%20Charger%20Wall%20mount%202201.png,False,0,,"CE, FCC, SGS",400.0,22.0,[]
Portable EV Charger,Splitvolt_Portable_EV_Charger_24A_10-30_26ft,Splitvolt,NEMA 10-30 26ft,0,,24.0,Portable,26,10-30,J1772,False,1,False,False,https://splitvolt.com/collections/all/products/cgb-nema-10-30-24-amp?variant=40763975499916,https://splitvolt.com/collections/all,https://assets.zappyride.com/img/chargers/Splitvolt%20Portable%20EV%20Charger%2024A%2010-30%2026ft.png,False,0,,cETL,240.0,5.76,[]
Portable EV Charger,Splitvolt_Portable_EV_Charger_24A_14-30_16ft,Splitvolt,NEMA 14-30 16ft,290,https://splitvolt.com/collections/all/products/cgb-nema-14-30-24-amp?variant=40763994931340,24.0,Portable,16,14-30,J1772,False,1,False,False,https://splitvolt.com/collections/all/products/cgb-nema-14-30-24-amp?variant=40763994931340,https://splitvolt.com/collections/all,https://assets.zappyride.com/img/chargers/Splitvolt%20Portable%20EV%20Charger%2024A%2014-30%2016ft.png,False,0,,cETL,240.0,5.76,[]
Portable EV Charger,Splitvolt_Portable_EV_Charger_24A_14-30_26ft,Splitvolt,NEMA 14-30 26ft,310,https://splitvolt.com/collections/all/products/cgb-nema-14-30-24-amp?variant=40763994964108,24.0,Portable,26,14-30,J1772,False,1,False,False,https://splitvolt.com/collections/all/products/cgb-nema-14-30-24-amp?variant=40763994964108,https://splitvolt.com/collections/all,https://assets.zappyride.com/img/chargers/Splitvolt%20Portable%20EV%20Charger%2024A%2014-30%2026ft.png,False,0,,cETL,240.0,5.76,[]
Portable EV Charger,Splitvolt_Portable_EV_Charger_40A_14-50_16ft,Splitvolt,NEMA 14-50 16ft,280,https://splitvolt.com/collections/all/products/cgb-nema-14-50-40-amp,40.0,Portable,16,14-50,J1772,False,1,False,False,https://splitvolt.com/collections/all/products/cgb-nema-14-50-40-amp?variant=40763999813772,https://splitvolt.com/collections/all,https://assets.zappyride.com/img/chargers/Splitvolt%20Portable%20EV%20Charger%2040A%2014-50%2016ft.png,False,0,,cETL,240.0,9.6,[]
Portable EV Charger,Splitvolt_Portable_EV_Charger_40A_14-50_26ft,Splitvolt,NEMA 14-50 26ft,310,https://splitvolt.com/collections/all/products/cgb-nema-14-50-40-amp,40.0,Portable,26,14-50,J1772,False,1,False,False,https://splitvolt.com/collections/all/products/cgb-nema-14-50-40-amp?variant=40763999879308,https://splitvolt.com/collections/all,https://assets.zappyride.com/img/chargers/Splitvolt%20Portable%20EV%20Charger%2040A%2014-50%2026ft.png,False,0,,cETL,240.0,9.6,[]
HQ 200,Blink_HQ_200,Blink,,699,https://blinkcharging.com/products/hq-200-residential-ev-charging-station/,50.0,Wall mounted,23,Hardwired,J1772,True,1,True,True,https://blinkcharging.com/products/hq-200-residential-ev-charging-station/,https://blinkcharging.com/products/family-of-ev-charging-stations/,https://assets.zappyride.com/img/chargers/Blink%20HQ%20200.png,False,0,,"CSA, NEC, RoHS, UL",240.0,12.0,[]
BS20-Basic,BESEN_Basic_EV_Charger_1_Phase,BESEN,1 Phase,249,https://evcharger.en.made-in-china.com/product/pjGxqgyvCSkt/China-Besen-Electric-Car-Charging-Station-with-Type-2-Plug.html,32.0,Wall mounted,20,Hardwired,J1772,False,1,True,False,https://www.besen-group.com/product/besen-basic-ev-charger/,https://www.besen-group.com/product-category/ev-charger/,https://assets.zappyride.com/img/chargers/BESEN%20Basic%20EV%20Charger%201%20Phase.png,False,0,,"CE, CSA, ETL, FCC, RoHS, UL",220.0,7.2,[]
BS20-Basic,BESEN_Basic_EV_Charger_3_Phase,BESEN,3 Phase,259,https://evcharger.en.made-in-china.com/product/EdqfVzcGOuha/China-32A-Besen-Home-Evse-Wallbox-22kw-EV-Charger.html,32.0,Wall mounted,20,Hardwired,J1772,False,1,True,False,https://www.besen-group.com/product/besen-basic-ev-charger/,https://www.besen-group.com/product-category/ev-charger/,https://assets.zappyride.com/img/chargers/BESEN%20Basic%20EV%20Charger%203%20Phase.png,False,0,,"CE, CSA, ETL, FCC, RoHS, UL",220.0,22.0,[]
BS20-APP,BESEN_Basic_EV_Charger_APP_1_Phase,BESEN,1 Phase,249,https://evcharger.en.made-in-china.com/product/pjGxqgyvCSkt/China-Besen-Electric-Car-Charging-Station-with-Type-2-Plug.html,32.0,Wall mounted,20,Hardwired,J1772,False,1,True,False,https://www.besen-group.com/product/besen-ev-charger-with-mobile-app/,https://www.besen-group.com/product-category/ev-charger/,https://assets.zappyride.com/img/chargers/BESEN%20Basic%20EV%20Charger%20APP%201%20Phase.png,False,0,,"CE, CSA, ETL, FCC, RoHS",220.0,7.2,[]
BS20-APP,BESEN_Basic_EV_Charger_APP_3_Phase,BESEN,3 Phase,259,https://evcharger.en.made-in-china.com/product/EdqfVzcGOuha/China-32A-Besen-Home-Evse-Wallbox-22kw-EV-Charger.html,32.0,Wall mounted,20,Hardwired,J1772,False,1,True,False,https://www.besen-group.com/product/besen-ev-charger-with-mobile-app/,https://www.besen-group.com/product-category/ev-charger/,https://assets.zappyride.com/img/chargers/BESEN%20Basic%20EV%20Charger%20APP%203%20Phase.png,False,0,,"CE, CSA, ETL, FCC, RoHS",220.0,22.0,[]
Morec EV Sae J1772 40A with APP Supports,Morec_40A_9.6kW_14-50_Wallbox_EV_Charger,Morec,40A 9.6kW,500,https://www.morec-evse.com/products/morec-ev-sae-j1772-40a-with-app-supports-bluetooth-and-wifi-connection-ac-charging-station?variant=43853684736259,40.0,Wall mounted,20,14-50,J1772,True,2,True,False,https://www.morec-evse.com/products/morec-ev-sae-j1772-40a-with-app-supports-bluetooth-and-wifi-connection-ac-charging-station?variant=43853684736259,https://www.morec-evse.com/collections/portable-ev-charger,https://assets.zappyride.com/img/chargers/Morec%2040A%209.6kW%2014-50%20Wallbox%20EV%20Charger.png,False,0,,"CE, CSA",220.0,9.6,[]
Morec Sae J1772 AC Protable Ev Charger,Morec_40A_9.6kW_14-50_Portable_EV_Charger,Morec,40A,319,https://www.morec-evse.com/products/morec-sae-j1772-ac-protable-ev-charger-cable-with-nema-6-50-14-50-plug,40.0,Portable,20,14-50,J1772,False,2,True,False,https://www.morec-evse.com/products/morec-sae-j1772-ac-protable-ev-charger-cable-with-nema-6-50-14-50-plug,https://www.morec-evse.com/collections/portable-ev-charger,https://assets.zappyride.com/img/chargers/Morec%2040A%209.6kW%2014-50%20Portable%20EV%20Charger.png,False,0,,CE,220.0,9.6,[]
Home Flex,ChargePoint_Home_Flex_14-50_6-50,ChargePoint,14-50 6-50,699,https://www.chargepoint.com/drivers/home/chargepoint-home-flex,50.0,Wall mounted,23,"6-50, 14-50",J1772,True,3,True,True,https://www.chargepoint.com/drivers/home/chargepoint-home-flex,https://www.chargepoint.com/drivers/,https://assets.zappyride.com/img/chargers/ChargePoint%20Home%20Flex%2014-50%206-50.png,False,0,,"cUL, Energy Star, UL",240.0,12.0,[]
EV Charger,Morec_16-24-32A_7.2kW_14-50_EV_Charger,Morec,16/24/32A 7.2kW,220,https://www.morec-evse.com/products/morec-sae-j1772-level-2-ev-portable-charger-with-nema14-50-plug-20-feet-ev-charging-box-32a-200v-240v?variant=43459292496131,32.0,Wall mounted,20,14-50,J1772,False,2,True,False,https://www.morec-evse.com/products/morec-sae-j1772-level-2-ev-portable-charger-with-nema14-50-plug-20-feet-ev-charging-box-32a-200v-240v?variant=43459292496131,https://www.morec-evse.com/collections/all,https://assets.zappyride.com/img/chargers/Morec%2016-24-32A%207.2kW%2014-50%20EV%20Charger.png,False,0,,"CE, CSA",240.0,7.2,[]
EV Charger,Morec_16A_3.6kW_6-20_EV_Charger,Morec,16A 3.6kW,160,https://www.morec-evse.com/products/morec-15-amps-level-1-ev-portable-charger-nema5-15-plug-20-feet-ev-charging-box-100v-120v?variant=43809512554755,16.0,Wall mounted,20,6-20,J1772,False,2,True,False,https://www.morec-evse.com/products/morec-15-amps-level-1-ev-portable-charger-nema5-15-plug-20-feet-ev-charging-box-100v-120v?variant=43809512554755,https://www.morec-evse.com/collections/all,https://assets.zappyride.com/img/chargers/Morec%2016A%203.6kW%206-20%20EV%20Charger.png,False,0,,"CE, CSA",240.0,3.6,[]
MUSTART Portable EV Charger,MUSTART_Level_2_EV_Charger_40A_NEMA_14-50_240V_9.6kW,MUSTART,40A 9.6kW,319,https://www.mustartpower.com/collections/us-type-1-ev-charger/products/mustart-level-2-portable-ev-charger-240-volt-25ft-cable-40-amp-electric-vehicle-charger-plug-in-ev-charging-station-with-nema-14-50p-update-version,40.0,Portable,25,14-50,J1772,False,2,True,True,https://www.mustartpower.com/collections/us-type-1-ev-charger/products/mustart-level-2-portable-ev-charger-240-volt-25ft-cable-40-amp-electric-vehicle-charger-plug-in-ev-charging-station-with-nema-14-50p-update-version,https://www.mustartpower.com/collections/us-type-1-ev-charger,https://assets.zappyride.com/img/chargers/MUSTART%20Level%202%20EV%20Charger%2040A%20NEMA%2014-50%20240V%209.6kW.png,False,0,,UL,240.0,9.6,[]
MUSTART Portable EV Charger,MUSTART_Level_2_EV_Charger_16-25-40_Amp_Adjustable_NEMA _14-50_240V,MUSTART,16/25/40 14-50,329,https://www.mustartpower.com/collections/us-type-1-ev-charger/products/mustart-level-2-ev-charger-15-25-40-amp-adjustable-nema-14-50-240v-25ft-portable-outdoor-use,40.0,Portable,25,14-50,J1772,False,2,True,True,https://www.mustartpower.com/collections/us-type-1-ev-charger/products/mustart-level-2-ev-charger-15-25-40-amp-adjustable-nema-14-50-240v-25ft-portable-outdoor-use,https://www.mustartpower.com/collections/us-type-1-ev-charger,https://assets.zappyride.com/img/chargers/MUSTART%20Level%202%20EV%20Charger%2016-25-40%20Amp%20Adjustable%20NEMA%20%2014-50%20240V.png,False,0,,UL,240.0,9.6,[]
TRAVELMASTER,MUSTART_Level_2_EV_Charger_15-32_Amp_Adjustable_5-15_14-50_Travelmaster_GEN2,MUSTART,TRAVELMASTER GEN 2,379,https://www.mustartpower.com/collections/us-type-1-ev-charger/products/mustart-level-2-travelmaster-ev-charger-gen-2-32a-nema-5-15-15a-120v-14-50-32a-240v-7-68kw-25ft-portable-outdoor-use-intelligent-plug-identification-auto-adjust-max-safe-current-%E7%9A%84%E5%89%AF%E6%9C%AC,32.0,Portable,25,14-50,J1772,False,2,True,True,https://www.mustartpower.com/collections/us-type-1-ev-charger/products/mustart-level-2-travelmaster-ev-charger-gen-2-32a-nema-5-15-15a-120v-14-50-32a-240v-7-68kw-25ft-portable-outdoor-use-intelligent-plug-identification-auto-adjust-max-safe-current-%E7%9A%84%E5%89%AF%E6%9C%AC,https://www.mustartpower.com/collections/us-type-1-ev-charger,https://assets.zappyride.com/img/chargers/MUSTART%20Level%202%20EV%20Charger%2015-32%20Amp%20Adjustable%205-15%2014-50%20Travelmaster%20GEN2.png,False,0,,ETL,240.0,7.68,[]
MUSTART - Level 2 Smart EV Charger,MUSTART_Level_2_Smart_EV_Charger_16-25-32-40_SMART_APP,MUSTART,SMART APP,379,https://www.mustartpower.com/collections/us-type-1-ev-charger/products/mustart-level-2-smart-ev-charging-station-16-25-32-40-amp-adjustable-nema-14-50-240v-7-68kw-25ft-wallbox-app-remote-control-indoor-outdoor-use,40.0,Wall mounted,25,14-50,J1772,True,2,True,True,https://www.mustartpower.com/collections/us-type-1-ev-charger/products/mustart-level-2-smart-ev-charging-station-16-25-32-40-amp-adjustable-nema-14-50-240v-7-68kw-25ft-wallbox-app-remote-control-indoor-outdoor-use,https://www.mustartpower.com/collections/us-type-1-ev-charger,https://assets.zappyride.com/img/chargers/MUSTART%20Level%202%20Smart%20EV%20Charger%2016-25-32-40%20SMART%20APP.png,False,0,,ETL,240.0,7.68,[]
MUSTART - Level 2 Smart EV Charger,MUSTART_Level_2_Smart_EV_Charger_16-25-32_Amp_Adjustable_NEMA _14-50_7.68kW,MUSTART,16/25/32 7.68kW,349,https://www.mustartpower.com/collections/us-type-1-ev-charger/products/mustart-level-2-smart-ev-charging-station-16-25-32-amp-adjustable-nema-14-50-240v-7-68kw-25ft-wallbox-app-remote-control-indoor-outdoor-use-%E7%9A%84%E5%89%AF%E6%9C%AC,32.0,Wall mounted,25,14-50,J1772,True,2,True,True,https://www.mustartpower.com/collections/us-type-1-ev-charger/products/mustart-level-2-smart-ev-charging-station-16-25-32-amp-adjustable-nema-14-50-240v-7-68kw-25ft-wallbox-app-remote-control-indoor-outdoor-use-%E7%9A%84%E5%89%AF%E6%9C%AC,https://www.mustartpower.com/collections/us-type-1-ev-charger,https://assets.zappyride.com/img/chargers/MUSTART%20Level%202%20Smart%20EV%20Charger%2016-25-32%20Amp%20Adjustable%20NEMA%20%2014-50%207.68kW.png,False,0,,ETL,240.0,7.68,[]
MUSTART Portable EV Charger,MUSTART_Level_2_EV_Charger_15-25-32_Amp_Adjustable_NEMA _14-50_240V_25ft,MUSTART,15/25/32 14-50,299,https://www.mustartpower.com/collections/us-type-1-ev-charger/products/mustart-level-2-ev-charger-15-25-32-amp-adjustable-nema-14-50-240v-25ft-portable-outdoor-use,32.0,Portable,25,14-50,J1772,False,2,True,True,https://www.mustartpower.com/collections/us-type-1-ev-charger/products/mustart-level-2-ev-charger-15-25-32-amp-adjustable-nema-14-50-240v-25ft-portable-outdoor-use,https://www.mustartpower.com/collections/us-type-1-ev-charger,https://assets.zappyride.com/img/chargers/MUSTART%20Level%202%20EV%20Charger%2015-25-32%20Amp%20Adjustable%20NEMA%20%2014-50%20240V%2025ft.png,False,0,,ETL,240.0,7.68,[]
WB-SP2-AC2.0,Vevor_Portable_EV_Charger_32A,Vevor,,172,https://www.amazon.com/VEVOR-Level-EV-Charger-Adjustable/dp/B09YTY5DDT?th=1,32.0,Portable,25,14-50,J1772,False,1,True,False,https://www.amazon.com/VEVOR-Level-EV-Charger-Adjustable/dp/B09YTY5DDT?th=1,https://m.media-amazon.com/images/I/91ZO7J5j0fL.pdf,https://assets.zappyride.com/img/chargers/Vevor%20Portable%20EV%20Charger%2032A.png,False,0,,"CE, RoHS",240.0,7.68,[]
EV-A01-US01,Vevor_EV_Charger_48A_14-50,Vevor,,501,https://www.amazon.com/Level-Certified-Electric-Vehicle-Charging/dp/B0BYD8M4ZB?th=1,48.0,Wall mounted,24,14-50,J1772,True,1,True,False,https://www.amazon.com/Level-Certified-Electric-Vehicle-Charging/dp/B0BYD8M4ZB?th=1,https://m.media-amazon.com/images/I/B11wH7uTmRL.pdf,https://assets.zappyride.com/img/chargers/Vevor%20EV%20Charger%2048A%2014-50.png,False,0,,"Energy star, ETL",240.0,11.5,[]
EV300,Bosch_EV300_EV_Charger,Bosch,,966,https://www.boschevsolutions.com/charging-stations/ev300-level-2-ev-charging-station?sku=EV300,32.0,Wall mounted,25,Hardwired,J1772,False,3,True,False,https://www.boschevsolutions.com/charging-stations/ev300-level-2-ev-charging-station?sku=EV300,https://www.boschevsolutions.com/commercial-public-charging,https://assets.zappyride.com/img/chargers/Bosch%20EV300%20EV%20Charger.png,False,0,,UL,240.0,7.6,[]
Portable EV Charger,Couplago_Portable_9.6kW_EV_Charger_14-50,Couplago,9.6kW,499,https://evadept.com/p/couplago-level-1-and-level-2-portable-ev-charger-9-6-kw-120-240volt-coup40/#dynamic_blocks2,40.0,Portable,27,14-50,J1772,False,1,True,True,https://evadept.com/p/couplago-level-1-and-level-2-portable-ev-charger-9-6-kw-120-240volt-coup40/#dynamic_blocks2,https://evadept.com/,https://assets.zappyride.com/img/chargers/Couplago%20Portable%209.6kW%20EV%20Charger%2014-50.png,False,0,,UL,240.0,9.6,[]
Portable EV Charger,Couplago_Portable_12-16-24-32A_7.6kW_EV_Charger,Couplago,7.6kW Adjustable amperage,286,https://evadept.com/p/couplago-level-2-portable-ev-charger-7-7-kw-240volt-21ft-6m-cable-coup32/,32.0,Portable,25,14-50,J1772,False,1,True,True,https://evadept.com/p/couplago-level-2-portable-ev-charger-7-7-kw-240volt-21ft-6m-cable-coup32/,https://evadept.com/,https://assets.zappyride.com/img/chargers/Couplago%20Portable%2012%2016%2024%2032A%207.6kW%20EV%20Charger.png,False,0,,UL,240.0,7.6,[]
Portable EV Charger,Webasto_GO_Dual_Portable_EV_Charger_14-50_7.7kW,Webasto,,549,https://store.evsolutions.com/webasto-go---dual-voltage-portable-cordset-p124.aspx,32.0,Portable,20,14-50,J1772,True,3,True,False,https://store.evsolutions.com/webasto-go---dual-voltage-portable-cordset-p124.aspx,https://store.evsolutions.com/webasto-go---dual-voltage-portable-cordset-p124.aspx,https://assets.zappyride.com/img/chargers/Webasto%20GO%20Dual%20Portable%20EV%20Charger%2014-50%207.7kW.png,False,0,,"ETL, UL",240.0,7.7,[]
32A,YEAHCO_40A_EV_Charger,YEAHCO,,600,https://www.amazon.com/YEAHCO-Electric-Certified-Portable-Charging/dp/B09TD86JMP,40.0,Portable,21,14-50,J1772,True,3,True,True,https://www.amazon.com/YEAHCO-Electric-Certified-Portable-Charging/dp/B09TD86JMP,https://www.amazon.com/YEAHCO-Electric-Certified-Portable-Charging/dp/B09TD86JMP,https://assets.zappyride.com/img/chargers/YEAHCO%2040A%20EV%20Charger.png,False,0,,UL,240.0,10.0,[]
48A,Emporia_Energy_EV_Charger_48A,Emporia Energy,,399,https://shop.emporiaenergy.com/collections/ev-chargers/products/smart-home-ev-charger-ul-listed,48.0,Wall mounted,24,14-50,J1772,True,3,True,True,https://shop.emporiaenergy.com/collections/ev-chargers/products/smart-home-ev-charger-ul-listed,https://shop.emporiaenergy.com/collections/ev-chargers,https://assets.zappyride.com/img/chargers/Emporia%20Energy%20EV%20Charger%2048A.png,False,0,,"Energy Star, UL",240.0,11.5,[]
32A,OMT_32A_EV_Charger,OMT,,230,https://orionmotortech.com/products/level-2-ev-charger-qcw-3276-us,32.0,Portable,25,14-50,J1772,False,1,True,True,https://orionmotortech.com/products/level-2-ev-charger-qcw-3276-us,https://orionmotortech.com/,https://assets.zappyride.com/img/chargers/OMT%2032A%20EV%20Charger.png,False,0,,"CE, TUV",240.0,7.2,[]
Wall Charger,EV_Gear_9.7kW_40A_EV_Charger,EV Gear,,330,https://www.amazon.com/EV-Gear-Charging-Electric-Compatible/dp/B07YF41Q6X/ref=sr_1_1?c=ts&keywords=Electric+Vehicle+Charging+Stations&qid=1686564592&refinements=p_89%3AEV+Gear&s=automotive&sr=1-1&ts_id=7427415011,40.0,Wall mounted,26,14-50,J1772,True,3,True,False,https://www.amazon.com/EV-Gear-Charging-Electric-Compatible/dp/B07YF41Q6X/ref=sr_1_1?c=ts&keywords=Electric+Vehicle+Charging+Stations&qid=1686564592&refinements=p_89%3AEV+Gear&s=automotive&sr=1-1&ts_id=7427415011,https://www.amazon.com/s?k=EV+Gear,https://assets.zappyride.com/img/chargers/EV%20Gear%209.7kW%2040A%20EV%20Charger.png,False,0,,"CE, TUV",240.0,9.7,[]
iEVSE,EvoCharge_iEVSE_40A,EvoCharge,40A,669,https://evocharge.com/product/evocharge-40-amp-ievse-home/,40.0,Wall mounted,25,"6-50, Hardwired",J1772,True,3,True,True,https://evocharge.com/product/evocharge-40-amp-ievse-home/,https://evocharge.com/product/evocharge-40-amp-ievse-home/,https://assets.zappyride.com/img/chargers/EvoCharge%20iEVSE%2040A.png,False,0,,"cUL, UL",240.0,9.6,[]
EVC04-AC7,Vestel_EVC04_AC7_EV_Charger,Vestel,,249,Estimated,32.0,Pedestal,16,Hardwired,J1772,True,2,True,False,https://vestelinternational.com/en/ev-charger,https://vestelinternational.com/en/ev-charger,https://assets.zappyride.com/img/chargers/Vestel%20EVC04%20AC7%20EV%20Charger.png,False,0,,"CE, REACH, RoHS, UL",230.0,7.4,[]
EVC05-AC22,Vestel_EVC05_AC22_EV_Charger,Vestel,,550,Estimated,32.0,Cabinet,16,Hardwired,"J1772,Mennekes",True,2,True,False,https://vestelinternational.com/en/ev-charger,https://vestelinternational.com/en/ev-charger,https://assets.zappyride.com/img/chargers/Vestel%20EVC05%20AC22%20EV%20Charger.png,False,0,,"CE, REACH, RoHS, UL",,,[]
EVC10,Vestel_EVC10_AC_Charger_Type2_7.4kW,Vestel,7.4kW,349,Estimated,32.0,Pedestal,16,Hardwired,J1772,True,2,True,False,https://vestelinternational.com/en/ev-charger,https://vestelinternational.com/en/ev-charger,https://assets.zappyride.com/img/chargers/Vestel%20EVC10%20AC%20Charger%20Type2%207.4kW.png,False,0,,"CE, REACH, RoHS",230.0,7.4,[]
EVC10,Vestel_EVC10_AC_Charger_Type2_11kW,Vestel,11kW,449,Estimated,32.0,Pedestal,16,Hardwired,J1772,True,2,True,False,https://vestelinternational.com/en/ev-charger,https://vestelinternational.com/en/ev-charger,https://assets.zappyride.com/img/chargers/Vestel%20EVC10%20AC%20Charger%20Type2%2011kW.png,False,0,,"CE, REACH, RoHS",400.0,11.0,[]
EVC10,Vestel_EVC10_AC_Charger_Type2_22kW,Vestel,22kW,549,Estimated,32.0,Pedestal,16,Hardwired,J1772,True,2,True,False,https://vestelinternational.com/en/ev-charger,https://vestelinternational.com/en/ev-charger,https://assets.zappyride.com/img/chargers/Vestel%20EVC10%20AC%20Charger%20Type2%2022kW.png,False,0,,"CE, REACH, RoHS",400.0,22.0,[]
Plug-In Home,Legrand_Plug-In_Home_Level2_EV_Charger,Legrand,9.6kW,475,https://www.legrand.us/wire-and-cable-management/ev-chargers/home-ev-chargers/plug-in-home-level-2-ev-charger/p/l2evse40acp1450,40.0,Wall mounted,18,Hardwired,J1772,False,1,True,False,https://www.legrand.us/wire-and-cable-management/ev-chargers/plug-in-home-level-2-ev-charger/p/l2evse40acp1450,https://www.legrand.us/wire-and-cable-management/c/lgnd090000,https://assets.zappyride.com/img/chargers/Legrand%20Plug-In%20Home%20Level2%20EV%20Charger.png,False,0,,"cETL, Energy Star, ETL, FCC, IC, RoHS",240.0,9.6,[]
Spectrum GWI,Gateway_International_360_EV50_32A_charger,Gateway International 360,EV50,799,Estimate,32.0,Portable,16,Hardwired,J1772,False,3,True,True,http://www.gatewayintl360.com/ac-ev-chargers,http://www.gatewayintl360.com/sites/default/files/productfiles/SpecSheet_GW-EV50_0.pdf,https://assets.zappyride.com/img/chargers/Gateway%20International%20360%20EV50%2032A%20charger.png,False,0,,UL,240.0,9.6,[]
Spectrum GWI,Gateway_International_360_EV200_40A_charger,Gateway International 360,EV200,899,Estimate,40.0,Wall mounted,16,Hardwired,J1772,True,3,True,True,http://www.gatewayintl360.com/products/residential-light-commercial-ev-chargers/gw-ev200-level-2-wall-single-port-led,http://www.gatewayintl360.com/products/residential-light-commercial-ev-chargers/gw-ev200-level-2-wall-single-port-led,https://assets.zappyride.com/img/chargers/Gateway%20International%20360%20EV200%2040A%20charger.png,False,0,,"CE, cETL, Energy Star, ETL, FCC, REACH, RoHS, UL",240.0,9.6,[]
Spectrum GWI,Gateway_International_360_EV260_50A_charger,Gateway International 361,EV260,999,Estimate,48.0,Wall mounted,16,Hardwired,J1772,True,3,True,True,https://drive.google.com/file/d/15BR36AAB-WyeSsKmfmtOSGORXuT41HKG/view?usp=sharing,Placeholder,https://assets.zappyride.com/img/chargers/Gateway%20International%20360%20EV260%2050A%20charger.png,False,0,,"cETL, Energy Star, ETL, FCC, UL",240.0,11.5,[]
Spectrum GWI,Gateway_International_360_EV400_50A_charger,Gateway International 362,EV400,1099,Estimate,50.0,Wall mounted,16,Hardwired,J1772,True,3,True,True,http://www.gatewayintl360.com/products/commercial-public-ev-chargers/gw-ev400-level-2-wall-single-port-lcd,http://www.gatewayintl360.com/sites/default/files/productfiles/SpecSheet_GW-EV400.pdf,https://assets.zappyride.com/img/chargers/Gateway%20International%20360%20EV400%2050A%20charger.png,False,0,,"CE, cETL, Energy Star, ETL, REACH, ROHS, UL",240.0,9.6,[]
EVC-L2-48A-L1-1-4G-D,BreezeEV_P48_48A_AC_Smart_EV_charger,breezeEV,,3017,https://www.productsforautomation.com/breezev-48a-EV-charger-4g-pro-p/evc-l2-48a-l1-1-4g-d-au-p-1.htm,48.0,Wall mounted,25,Hardwired,J1772,False,3,True,True,https://breez-ev.com/commercial,https://breez-ev.com/#products,https://assets.zappyride.com/img/chargers/BreezeEV%20P48%2048A%20AC%20Smart%20EV%20Charger.png,False,0,,"Energy Star, ETL",240.0,11.5,[]
EVC-L2-P80-18-AP1,BreezeEV_P80_80A_AC_EV_charger,breezeEV,,4409,Estimate,80.0,Wall mounted,18,Hardwired,J1772,False,5,True,True,https://breez-ev.com/p80/,https://breez-ev.com/#products,https://assets.zappyride.com/img/chargers/BreezeEV%20P80%2080A%20AC%20EV%20Charger.png,False,0,,"Energy Star, ETL",240.0,19.2,[]
EVC-L2-S48-18,BreezeEV_S48_48A_AC_EV_charger,breezeEV,,599,https://www.productsforautomation.com/breezev-48a-EV-charger-18ft-cable-p/evc-l2-s48-18.htm,48.0,Wall mounted,18,14-50,J1772,False,3,True,True,https://breez-ev.com/s48,https://breez-ev.com/#products,https://assets.zappyride.com/img/chargers/BreezeEV%20S48%2048A%20AC%20EV%20Charger.png,False,0,,"Energy Star, ETL",240.0,11.5,[]
EVC-L2-R40-18,BreezeEV_R40_AC_EV_charger,breezeEV,,746,Estimate,40.0,Wall mounted,18,14-50,J1772,False,3,True,True,https://breez-ev.com/r40-r48/,https://breez-ev.com/#products,https://assets.zappyride.com/img/chargers/BreezeEV%20R40%20AC%20EV%20Charger.png,False,0,,"Energy Star, ETL",240.0,9.6,[]
EVC-L2-R48-18,BreezeEV_R48_AC_EV_charger,breezeEV,,820,Estimate,48.0,Wall mounted,18,14-50,J1772,False,3,True,True,https://breez-ev.com/r40-r48/,https://breez-ev.com/#products,https://assets.zappyride.com/img/chargers/BreezeEV%20R48%20AC%20EV%20Charger.png,False,0,,"Energy Star, ETL",240.0,11.5,[]
SES-EVC-AC48A01HW-U-SHSB,SARIN_Energy_11.5kW_AC_Wall_Mounted_Charger,SARIN Energy,,799,Estimate,48.0,Wall mounted,25,Hardwired,J1772,True,1,True,True,https://sarinenergy.com/ev-chargers/,https://sarinenergy.com/view-all-products/,https://assets.zappyride.com/img/chargers/SARIN%20Energy%2011.5kW%20AC%20Wall%20Mounted%20Charger.png,False,0,,"Energy Star, ETL",250.0,11.5,[]
SES-EVC-AC48A01HW-U-SHSB,SARIN_Energy_11.5kW_AC_Pedestal_Charger,SARIN Energy,,899,Estimate,48.0,Pedestal,25,Hardwired,J1772,True,1,True,True,https://sarinenergy.com/ev-chargers/,https://sarinenergy.com/view-all-products/,https://assets.zappyride.com/img/chargers/SARIN%20Energy%2011.5kW%20AC%20Pedestal%20Charger.png,False,0,,"Energy Star, ETL",250.0,11.5,[]
SES-EVC-DC120KW,SARIN_Energy_120kW_DC_Charger,SARIN Energy,,71036,Estimate,,Cabinet,16,Hardwired,"CCS1,CHAdeMO",True,1,True,True,https://sarinenergy.com/ev-chargers/,https://sarinenergy.com/view-all-products/,https://assets.zappyride.com/img/chargers/SARIN%20Energy%20120kW%20DC%20Charger.png,False,0,,ETL,,,[]
SES-EVC-DC240KW,SARIN_Energy_240kW_DC_Charger,SARIN Energy,,144236,Estimate,,Cabinet,16,Hardwired,"CCS1,CHAdeMO",True,1,True,True,https://sarinenergy.com/ev-chargers/,https://sarinenergy.com/view-all-products/,https://assets.zappyride.com/img/chargers/SARIN%20Energy%20240kW%20DC%20Charger.png,False,0,,ETL,,,[]
A,Zencar_Model_A_3.6kW_16A_EV_Charger,Zencar,16A,109,ZenCar Price list 2023.10.pdf,16.0,Portable,23,14-50,J1772,True,1,True,False,1.Zencar Model A.pdf,https://www.zencar.net/ev-charging-level-2/,https://assets.zappyride.com/img/chargers/Zencar%20Model%20A%203.6kW%2016A%20EV%20Charger.png,False,0,,CE,230.0,3.6,[]
A,Zencar_Model_A_7.4kW_32A_EV_Charger,Zencar,32A,125,ZenCar Price list 2023.10.pdf,32.0,Portable,23,14-50,J1772,True,1,True,False,1.Zencar Model A.pdf,https://www.zencar.net/ev-charging-level-2/,https://assets.zappyride.com/img/chargers/Zencar%20Model%20A%207.4kW%2032A%20EV%20Charger.png,False,0,,CE,230.0,7.4,[]
C,Zencar_Model_C_11kW_16A_EV_Charger,Zencar,16A,187,ZenCar Price list 2023.10.pdf,16.0,Portable,23,14-50,J1772,False,1,True,False,2.ZenCar Model B&C.pdf,https://www.zencar.net/ev-charging-level-2/,https://assets.zappyride.com/img/chargers/Zencar%20Model%20C%2011kW%2016A%20EV%20Charger.png,False,0,,"CE, RoHS",230.0,11.0,[]
C,Zencar_Model_C_22kW_32A_EV_Charger,Zencar,32A,216,ZenCar Price list 2023.10.pdf,32.0,Portable,23,14-50,J1772,False,1,True,False,2.ZenCar Model B&C.pdf,https://www.zencar.net/ev-charging-level-2/,https://assets.zappyride.com/img/chargers/Zencar%20Model%20C%2022kW%2032A%20EV%20Charger.png,False,0,,"CE, RoHS",230.0,22.0,[]
D,Zencar_Model_D_3.6kW_32A_EV_Charger,Zencar,3.6kW,133,ZenCar Price list 2023.10.pdf,32.0,Portable,23,14-50,J1772,False,1,True,False,4.Zencar Model D.pdf,https://www.zencar.net/ev-charging-level-2/,https://assets.zappyride.com/img/chargers/Zencar%20Model%20D%203.6kW%2032A%20EV%20Charger.png,False,0,,CE,220.0,3.6,[]
D,Zencar_Model_D_7.2kW_32A_EV_Charger,Zencar,7.2kW,151,ZenCar Price list 2023.10.pdf,32.0,Portable,23,14-50,J1772,False,1,True,False,4.Zencar Model D.pdf,https://www.zencar.net/ev-charging-level-2/,https://assets.zappyride.com/img/chargers/Zencar%20Model%20D%207.2kW%2032A%20EV%20Charger.png,False,0,,CE,220.0,7.2,[]
D,Zencar_Model_D_11kW_32A_EV_Charger,Zencar,11kW,206,ZenCar Price list 2023.10.pdf,32.0,Portable,23,14-50,J1772,False,1,True,False,4.Zencar Model D.pdf,https://www.zencar.net/ev-charging-level-2/,https://assets.zappyride.com/img/chargers/Zencar%20Model%20D%2011kW%2032A%20EV%20Charger.png,False,0,,CE,220.0,11.0,[]
D,Zencar_Model_D_22kW_32A_EV_Charger,Zencar,22kW,239,ZenCar Price list 2023.10.pdf,32.0,Portable,23,14-50,J1772,False,1,True,False,4.Zencar Model D.pdf,https://www.zencar.net/ev-charging-level-2/,https://assets.zappyride.com/img/chargers/Zencar%20Model%20D%2022kW%2032A%20EV%20Charger.png,False,0,,CE,230.0,22.0,[]
E,Zencar_Model_E_3.6kW_EV_Charger,Zencar,3.6kW,117,ZenCar Price list 2023.10.pdf,16.0,Portable,23,14-50,J1772,False,1,True,False,https://jdpower-my.sharepoint.com/:b:/g/personal/lakshya_rajor_autodatacorp_org/EeWalNeYIc9Hmg9JSHv8E00BhVYJMM726_T3-Gbe2zSsCg?e=eSlAZQ,https://www.zencar.net/ev-charging-level-2/,https://assets.zappyride.com/img/chargers/Zencar%20Model%20E%203.6kW%20EV%20Charger.png,False,0,,CE,230.0,3.6,[]
E,Zencar_Model_E_7.2W_EV_Charger,Zencar,7.2kW,148,ZenCar Price list 2023.10.pdf,32.0,Portable,23,14-50,J1772,False,1,True,False,https://jdpower-my.sharepoint.com/:b:/g/personal/lakshya_rajor_autodatacorp_org/EeWalNeYIc9Hmg9JSHv8E00BhVYJMM726_T3-Gbe2zSsCg?e=eSlAZQ,https://www.zencar.net/ev-charging-level-2/,https://assets.zappyride.com/img/chargers/Zencar%20Model%20E%207.2W%20EV%20Charger.png,False,0,,CE,230.0,7.2,[]
E,Zencar_Model_E_11kW_EV_Charger,Zencar,11kW,201,ZenCar Price list 2023.10.pdf,16.0,Portable,23,14-50,J1772,False,1,True,False,https://jdpower-my.sharepoint.com/:b:/g/personal/lakshya_rajor_autodatacorp_org/EeWalNeYIc9Hmg9JSHv8E00BhVYJMM726_T3-Gbe2zSsCg?e=eSlAZQ,https://www.zencar.net/ev-charging-level-2/,https://assets.zappyride.com/img/chargers/Zencar%20Model%20E%2011kW%20EV%20Charger.png,False,0,,CE,230.0,11.0,[]
E,Zencar_Model_E_22kW_EV_Charger,Zencar,22kW,230,ZenCar Price list 2023.10.pdf,32.0,Portable,23,14-50,J1772,False,1,True,False,https://jdpower-my.sharepoint.com/:b:/g/personal/lakshya_rajor_autodatacorp_org/EeWalNeYIc9Hmg9JSHv8E00BhVYJMM726_T3-Gbe2zSsCg?e=eSlAZQ,https://www.zencar.net/ev-charging-level-2/,https://assets.zappyride.com/img/chargers/Zencar%20Model%20E%2022kW%20EV%20Charger.png,False,0,,CE,230.0,22.0,[]
E Pro,Zencar_Model_E_Pro_7.2kW_EV_Charger,Zencar,16A,181,ZenCar Price list 2023.10.pdf,16.0,Portable,23,14-50,J1772,False,1,True,False,5.Zencar Model EPro.pdf,https://www.zencar.net/ev-charging-level-2/,https://assets.zappyride.com/img/chargers/Zencar%20Model%20E%20Pro%207.2kW%20EV%20Charger.png,False,0,,CE,220.0,7.2,[]
E Pro,Zencar_Model_E_Pro_11kW_EV_Charger,Zencar,32A,196,ZenCar Price list 2023.10.pdf,32.0,Portable,23,14-50,J1772,False,1,True,False,5.Zencar Model EPro.pdf,https://www.zencar.net/ev-charging-level-2/,https://assets.zappyride.com/img/chargers/Zencar%20Model%20E%20Pro%2011kW%20EV%20Charger.png,False,0,,CE,220.0,11.0,[]
AXLU191001,Zerova_AXLU_AC_EV_Charger,Zerova,,1299,Estimate,80.0,Wall mounted,25,Hardwired,J1772,True,1,True,False,https://www.zerovatech.com/product/ax-series-ac-charger/,https://www.zerovatech.com/business-charging/,https://assets.zappyride.com/img/chargers/Zerova%20AXLU%20AC%20EV%20Charger.png,False,0,,"CTEP, Energy Star, FCC, UL",240.0,19.0,[]
EV016,3L3Y_16A_6-20_EV_Charger,3L3Y,,159,https://www.ebay.com/itm/325234839817,16.0,Portable,15,6-20,J1772,False,1,True,True,https://www.ebay.com/itm/325234839817,,https://assets.zappyride.com/img/chargers/3L3Y%2016A%206-20%20EV%20Charger.png,False,0,,"CE, TUV, UL",240.0,3.84,[]
7.7kW,3L3Y_32A_6-20_7.7kW_EV_Charger,3L3Y,,560,https://www.amazon.com/3L3Y-Charger-Extension-Hardwired-Outdoor/dp/B09KN927H5/ref=sr_1_1?keywords=3L3Y&qid=1698406878&sr=8-1&th=1,32.0,Wall mounted,25,6-20,J1772,False,1,True,True,https://www.amazon.com/3L3Y-Charger-Extension-Hardwired-Outdoor/dp/B09KN927H5/ref=sr_1_5?crid=M99Z4PF4XS7C&keywords=3L3Y%2Bev%2Bcharger&qid=1698406350&sprefix=3l3y%2Bev%2Bcharger%2Caps%2C374&sr=8-5&th=1,,https://assets.zappyride.com/img/chargers/3L3Y%2032A%206-20%207.7kW%20EV%20Charger.png,False,0,,"CE, TUV, UL",240.0,7.7,[]
iFlow,AMPROAD_iFlow_P9_40A_EV_Charger,AMPROAD,P9,359,https://www.amazon.com/stores/page/7B6D7200-9089-4FF8-B8A0-0AEA45592400?ingress=2&visitId=56956ac8-858f-4631-9445-cdd00d6020a5&ref_=ast_bln,40.0,Portable,25,14-50,J1772,True,1,True,False,https://www.amazon.com/stores/page/7B6D7200-9089-4FF8-B8A0-0AEA45592400?ingress=2&visitId=56956ac8-858f-4631-9445-cdd00d6020a5&ref_=ast_bln,https://www.amazon.com/stores/page/7B6D7200-9089-4FF8-B8A0-0AEA45592400?ingress=2&visitId=56956ac8-858f-4631-9445-cdd00d6020a5&ref_=ast_bln,https://assets.zappyride.com/img/chargers/AMPROAD%20iFlow%20P9%2040A%20EV%20Charger.png,False,0,,UL,240.0,9.6,[]
16A EV Charger,Vevor_Portable_EV_Charger_16A_6-20,Vevor,,96,https://www.vevor.com/portable-ev-charger-c_11497/vevor-portable-ev-charger-ev-car-charging-cable-16-amp-level-2-nema-6-20-25ft-p_010365533505,16.0,Portable,25,6-20,J1772,False,1,True,False,https://www.vevor.com/portable-ev-charger-c_11497/vevor-portable-ev-charger-ev-car-charging-cable-16-amp-level-2-nema-6-20-25ft-p_010365533505,https://www.vevor.com/portable-ev-charger-c_11497,https://assets.zappyride.com/img/chargers/Vevor%20Portable%20EV%20Charger%2016A%206-20.png,False,0,,"CE, UL",240.0,3.84,[]
24A EV Charger,Vevor_Portable_EV_Charger_24A_10-30,Vevor,,215,https://www.vevor.com/portable-ev-charger-c_11497/vevor-portable-ev-charger-ev-car-charging-cable-24-amp-level-2-nema-10-30-25ft-p_010861962413,24.0,Portable,25,10-30,J1772,False,1,True,False,https://www.vevor.com/portable-ev-charger-c_11497/vevor-portable-ev-charger-ev-car-charging-cable-24-amp-level-2-nema-10-30-25ft-p_010861962413,https://www.vevor.com/portable-ev-charger-c_11497,https://assets.zappyride.com/img/chargers/Vevor%20Portable%20EV%20Charger%2024A%2010-30.png,False,0,,"CE, UL",240.0,5.76,[]
WB-SC-AC1.0-16A,Vevor_Portable_EV_Charger_15A_6-20,Vevor,,150,https://www.vevor.com/portable-ev-charger-c_11497/vevor-portable-ev-charger-ev-car-charging-cable-15-amp-level-1-2-nema-6-20-25ft-p_010416085535,15.0,Portable,25,6-20,J1772,False,1,True,False,https://www.vevor.com/portable-ev-charger-c_11497/vevor-portable-ev-charger-ev-car-charging-cable-15-amp-level-1-2-nema-6-20-25ft-p_010416085535,https://www.vevor.com/portable-ev-charger-c_11497,https://assets.zappyride.com/img/chargers/Vevor%20Portable%20EV%20Charger%2015A%206-20.png,False,0,,"CE, UL",240.0,3.84,[]
EV-A01-US009A,Vevor_EV_Charger_40A_6-50,Vevor,Jun-50,430,https://www.vevor.com/portable-ev-charger-c_11497/vevor-level-2-ev-charging-station-40a-home-electric-vehicle-charger-nema6-50-p_010148205544,40.0,Wall mounted,22,6-50,J1772,False,1,True,False,https://www.vevor.com/portable-ev-charger-c_11497/vevor-level-2-ev-charging-station-40a-home-electric-vehicle-charger-nema6-50-p_010148205544,https://www.vevor.com/portable-ev-charger-c_11497,https://assets.zappyride.com/img/chargers/Vevor%20EV%20Charger%2040A%206-50.png,False,0,,"Energy Star, ETL",240.0,9.6,[]
EV-A01-US009A,Vevor_EV_Charger_40A_14-50,Vevor,14-50,463,https://www.vevor.com/portable-ev-charger-c_11497/vevor-level-2-electric-vehicle-charging-station-0-40a-adjustable-9-6-kw-240v-nema-1-50-plug-smart-ev-charger-with-wifi-22-foot-tpe-charging-cable-for-indoor-outdoor-use-etl-energy-star-certified-p_010795532091,40.0,Wall mounted,22,14-50,J1772,False,1,True,False,https://www.vevor.com/portable-ev-charger-c_11497/vevor-level-2-ev-charging-station-40a-home-electric-vehicle-charger-nema6-50-p_010148205544,https://www.vevor.com/portable-ev-charger-c_11497,https://assets.zappyride.com/img/chargers/Vevor%20EV%20Charger%2040A%2014-50.png,False,0,,"Energy Star, ETL",240.0,9.6,[]
IQ 40,Enphase_IQ_40_AC_EV_Charger,Enphase,,622,https://enphase.com/store/ev-chargers/connected-ev-chargers-home/iq-40-ev-charger-hardwired-32,32.0,Wall mounted,25,Hardwired,J1772,True,5,True,True,https://enphase.com/store/ev-chargers/connected-ev-chargers-home/iq-40-ev-charger-hardwired-32,https://enphase.com/store/ev-chargers,https://assets.zappyride.com/img/chargers/Enphase%20IQ%2040%20AC%20EV%20Charger.png,False,0,,"Energy Star, NEC, UL",240.0,7.7,[]
IQ 50,Enphase_IQ_50_AC_EV_Charger,Enphase,,688,https://enphase.com/store/ev-chargers/connected-ev-chargers-home/iq-50-ev-charger-hardwired-40,40.0,Wall mounted,25,Hardwired,J1772,True,5,True,True,https://enphase.com/store/ev-chargers/connected-ev-chargers-home/iq-40-ev-charger-hardwired-32,https://enphase.com/store/ev-chargers,https://assets.zappyride.com/img/chargers/Enphase%20IQ%2050%20AC%20EV%20Charger.png,False,0,,"Energy Star, NEC, UL",240.0,9.6,[]
IQ 60,Enphase_IQ_60_AC_EV_Charger,Enphase,,1099,https://enphase.com/store/ev-chargers/connected-ev-chargers-home/iq-60-ev-charger-hardwired-48,48.0,Wall mounted,25,Hardwired,J1772,True,5,True,True,https://enphase.com/store/ev-chargers/connected-ev-chargers-home/iq-40-ev-charger-hardwired-32,https://enphase.com/store/ev-chargers,https://assets.zappyride.com/img/chargers/Enphase%20IQ%2060%20AC%20EV%20Charger.png,False,0,,"Energy Star, NEC, UL",240.0,11.5,[]
IQ 80,Enphase_IQ_80_AC_EV_Charger,Enphase,,1176,https://enphase.com/store/ev-chargers/connected-ev-chargers-home/iq-80-ev-charger-hardwired-64,64.0,Wall mounted,25,Hardwired,J1772,True,5,True,True,https://enphase.com/store/ev-chargers/connected-ev-chargers-home/iq-40-ev-charger-hardwired-32,https://enphase.com/store/ev-chargers,https://assets.zappyride.com/img/chargers/Enphase%20IQ%2080%20AC%20EV%20Charger.png,False,0,,"Energy Star, NEC, UL",240.0,15.4,[]
Blazer,Injet_Blazer_AC_Floor_Mounted_EV_Charger,Injet,,1399,Estimate,40.0,Pedestal,16,Hardwired,J1772,True,2,True,False,https://www.wyevcharger.com/blazer-us-series-product/,https://www.wyevcharger.com/ac-charging-station/,https://assets.zappyride.com/img/chargers/Injet%20Blazer%20AC%20Floor%20Mounted%20EV%20Charger.png,False,0,,"Energy Star, FCC, UL",240.0,10.0,[]
Blazer,Injet_Blazer_AC_EV_Charger,Injet,,1499,Estimate,40.0,Wall mounted,17,Hardwired,J1772,True,2,True,False,https://www.wyevcharger.com/blazer-us-series-product/,https://www.wyevcharger.com/ac-charging-station/,https://assets.zappyride.com/img/chargers/Injet%20Blazer%20AC%20EV%20Charger.png,False,0,,"Energy Star, FCC, UL",240.0,10.0,[]
Nexus,Injet_Nexus_AC_floor_mount_10kW_EV_Charger,Injet,Floor Mount,1499,Estimate,40.0,Pedestal,16,14-50,J1772,True,1,True,False,https://www.weeyuevse.com/ac-wallbox-ev-charger/m3p-series-ev-wallbox-charger/ac-type-1-ev-charging.html,https://www.weeyuevse.com/ac-wallbox-ev-charger/,https://assets.zappyride.com/img/chargers/Injet%20Nexus%20AC%20floor%20mount%2010kW%20EV%20Charger.png,False,0,,"Energy Star, FCC, UL",240.0,10.0,[]
Nexus,Injet_Nexus_AC_wall_mount_10kW_EV_Charger,Injet,Wall Mount,1599,Estimate,40.0,Wall mounted,16,14-50,J1772,True,1,True,False,https://www.weeyuevse.com/ac-wallbox-ev-charger/m3p-series-ev-wallbox-charger/ac-type-1-ev-charging.html,https://www.weeyuevse.com/ac-wallbox-ev-charger/,https://assets.zappyride.com/img/chargers/Injet%20Nexus%20AC%20wall%20mount%2010kW%20EV%20Charger.png,False,0,,"Energy Star, FCC, UL",240.0,10.0,[]
Vision,Injet_Vision_19.2kW_floor_mount_AC_EV_Charger,Injet,Floor Mount,1499,Estimate,80.0,Pedestal,18,Hardwired,J1772,True,1,True,False,https://www.weeyuevse.com/ac-wallbox-ev-charger/vision-series-ev-charger/vision-series-ev-charger-19-2kw-wall-pole.html,https://www.weeyuevse.com/ac-wallbox-ev-charger/,https://assets.zappyride.com/img/chargers/Injet%20Vision%2019.2kW%20floor%20mount%20AC%20EV%20Charger.png,False,0,,"Energy Star, ETL, FCC",240.0,19.2,[]
Vision,Injet_Vision_19.2kW_wall_mount_AC_EV_Charger,Injet,Wall Mount,1399,Estimate,80.0,Wall mounted,18,Hardwired,J1772,True,1,True,False,https://www.weeyuevse.com/ac-wallbox-ev-charger/vision-series-ev-charger/vision-series-ev-charger-19-2kw-wall-pole.html,https://www.weeyuevse.com/ac-wallbox-ev-charger/,https://assets.zappyride.com/img/chargers/Injet%20Vision%2019.2kW%20wall%20mount%20AC%20EV%20Charger.png,False,0,,"Energy Star, ETL, FCC",240.0,19.2,[]
Swift,Injet_Swift_Series_22kW_wall_mount_AC_EV_Charger,Injet,Wall Mount,1899,Estimate,32.0,Wall mounted,18,Hardwired,J1772,True,1,True,False,https://www.weeyuevse.com/ac-wallbox-ev-charger/m3w-series-ev-wallbox-charger/7kw-1-phase-32a-wallbox.html,https://www.weeyuevse.com/ac-wallbox-ev-charger/,https://assets.zappyride.com/img/chargers/Injet%20Swift%20Series%2022kW%20wall%20mount%20AC%20EV%20Charger.png,False,0,,"CE, REACH, RoHS",400.0,22.0,[]
Swift,Injet_Swift_Series_22kW_pole_mount_AC_EV_Charger,Injet,Pole Mount,2100,Estimate,32.0,Pedestal,18,Hardwired,J1772,True,1,True,False,https://www.weeyuevse.com/ac-wallbox-ev-charger/m3w-series-ev-wallbox-charger/7kw-1-phase-32a-wallbox.html,https://www.weeyuevse.com/ac-wallbox-ev-charger/,https://assets.zappyride.com/img/chargers/Injet%20Swift%20Series%2022kW%20pole%20mount%20AC%20EV%20Charger.png,False,0,,"CE, REACH, RoHS",400.0,22.0,[]
Swift,Injet_Swift_Series_7kW_pole_mount_AC_EV_Charger,Injet,Pole Mount,2100,Estimate,32.0,Pedestal,18,Hardwired,J1772,True,1,True,False,https://www.weeyuevse.com/ac-wallbox-ev-charger/m3w-series-ev-wallbox-charger/wallbox-22kw-type-2-ev-charger.html,https://www.weeyuevse.com/ac-wallbox-ev-charger/,https://assets.zappyride.com/img/chargers/Injet%20Swift%20Series%207kW%20pole%20mount%20AC%20EV%20Charger.png,False,0,,"CE, REACH, RoHS",240.0,7.0,[]
Swift,Injet_Swift_Series_7kW_wall_mount_AC_EV_Charger,Injet,Wall Mount,1499,Estimate,32.0,Wall mounted,18,Hardwired,J1772,True,1,True,False,https://www.weeyuevse.com/ac-wallbox-ev-charger/m3w-series-ev-wallbox-charger/wallbox-22kw-type-2-ev-charger.html,https://www.weeyuevse.com/ac-wallbox-ev-charger/,https://assets.zappyride.com/img/chargers/Injet%20Swift%20Series%207kW%20wall%20mount%20AC%20EV%20Charger.png,False,0,,"CE, REACH, RoHS",240.0,7.0,[]
Sonic Series 22kW,Injet_Sonic_Series_22kW_AC_EV_Charger,Injet,22kW Wall Mounted,1899,Estimate,32.0,Wall mounted,18,Hardwired,J1772,True,1,True,False,https://www.weeyuevse.com/ac-wallbox-ev-charger/sonic-series-ev-charger/sonic-series-22kw-type2-ev-charger-wall-pole.html,https://www.weeyuevse.com/ac-wallbox-ev-charger/,https://assets.zappyride.com/img/chargers/Injet%20Sonic%20Series%2022kW%20AC%20EV%20Charger.png,False,0,,"CE, RoHS, TUV",230.0,22.0,[]
Sonic Series 11kW,Injet_Sonic_Series_11kW_AC_EV_Charger,Injet,11kW Wall Mounted,1799,Estimate,16.0,Wall mounted,18,Hardwired,J1772,True,1,True,False,https://www.weeyuevse.com/ac-wallbox-ev-charger/sonic-series-ev-charger/sonic-series-11kw-type2-ev-charger-wall-pole.html,https://www.weeyuevse.com/ac-wallbox-ev-charger/,https://assets.zappyride.com/img/chargers/Injet%20Sonic%20Series%2011kW%20AC%20EV%20Charger.png,False,0,,"CE, RoHS, TUV",400.0,11.0,[]
Sonic Series 7kW,Injet_Sonic_Series_7kW_AC_EV_Charger,Injet,7kW Wall Mounted,1499,Estimate,32.0,Wall mounted,18,Hardwired,J1772,True,1,True,False,https://www.weeyuevse.com/ac-wallbox-ev-charger/m3w-series-ev-wallbox-charger/wallbox-22kw-type-2-ev-charger.html,https://www.weeyuevse.com/ac-wallbox-ev-charger/,https://assets.zappyride.com/img/chargers/Injet%20Sonic%20Series%207kW%20AC%20EV%20Charger.png,False,0,,"CE, RoHS, TUV",230.0,7.0,[]
EV320,Leviton_EV320_32A_AC_EV_Charger,Leviton,,649,https://store.leviton.com/collections/ev-charging/products/32-amp-level-2-electric-vehicle-charging-station-ev320?variant=43470813331686,32.0,Wall mounted,18,Hardwired,J1772,False,2,True,False,https://www.leviton.com/en/products/ev320,https://store.leviton.com/collections/ev-charging,https://assets.zappyride.com/img/chargers/Leviton%20EV320%2032A%20AC%20EV%20Charger.png,False,0,,"CSA, Energy Star, UL",240.0,7.6,[]
EV320,Leviton_32A_AC_EV_Charger,Leviton,,649,https://store.leviton.com/collections/ev-charging/products/32-amp-level-2-electric-vehicle-charging-station-ev320?variant=43470813331686,32.0,Wall mounted,18,Hardwired,J1772,False,2,True,False,https://www.leviton.com/en/products/ev320,https://store.leviton.com/collections/ev-charging,https://assets.zappyride.com/img/chargers/Leviton%2032A%20AC%20EV%20Charger.png,False,0,,"CSA, Energy Star, UL",240.0,7.6,[]
EV32W,Leviton_32A_AC_EV_Charger_App,Leviton,,749,https://store.leviton.com/collections/ev-charging/products/48-amp-level-2-electric-vehicle-charging-station-with-wi-fi-works-with-my-leviton-app-ev48w?variant=43783639433446,32.0,Wall mounted,18,Hardwired,J1772,True,2,True,False,https://www.leviton.com/en/products/ev320,https://store.leviton.com/collections/ev-charging,https://assets.zappyride.com/img/chargers/Leviton%2032A%20AC%20EV%20Charger%20App.png,False,0,,"CSA, Energy Star, UL",240.0,7.6,[]
IQ 40 P,Enphase_IQ_40_P_Wall_Mounted_EV_Charger,Enphase,Wall Mounted,622,https://enphase.com/store/ev-chargers/connected-ev-chargers-home/iq-40-ev-charger-hardwired-32,32.0,Wall mounted,25,Hardwired,J1772,True,5,True,True,https://enphase.com/store/ev-chargers/connected-ev-chargers-home/iq-40-ev-charger-hardwired-32,https://enphase.com/download/iq-40-ev-charger-data-sheet,https://assets.zappyride.com/img/chargers/Enphase%20IQ%2040%20P%20Wall%20Mounted%20EV%20Charger.png,False,0,,"cETL, CSA, Energy Star, ETL, FCC, NEC, UL",240.0,7.7,[]
IQ 50 P,Enphase_IQ_50_P_Wall_Mounted_EV_Charger,Enphase,Wall Mounted,688,https://enphase.com/store/ev-chargers/connected-ev-chargers-home/iq-50-ev-charger-hardwired-40,40.0,Wall mounted,25,Hardwired,J1772,True,5,True,True,https://enphase.com/store/ev-chargers/connected-ev-chargers-home/iq-50-ev-charger-hardwired-40,https://enphase.com/download/iq-50-ev-charger-data-sheet,https://assets.zappyride.com/img/chargers/Enphase%20IQ%2050%20P%20Wall%20Mounted%20EV%20Charger.png,False,0,,"cETL, CSA, Energy Star, ETL, FCC, NEC, UL",240.0,9.6,[]
HCS 50 P,Enphase_HCS_50_P_Wall_Mounted_EV_Charger,Enphase,Wall Mounted,809,https://enphase.com/store/ev-chargers/commercial-ev-chargers/hcs-50-ev-charger,40.0,Wall mounted,25,Hardwired,J1772,False,5,True,True,https://enphase.com/store/ev-chargers/commercial-ev-chargers/hcs-50-ev-charger,https://enphase.com/download/hcs-50-data-sheet,https://assets.zappyride.com/img/chargers/Enphase%20HCS%2050%20P%20Wall%20Mounted%20EV%20Charger.png,False,0,,"cETL, Energy Star, ETL",240.0,9.6,[]
Pulsar Max,Wallbox_Pulsar_Max_AC_EV_Charger,Wallbox,,1218,https://wallbox.com/en_nz/buy-pulsarmax-nz#,32.0,Wall mounted,25,Hardwired,J1772,True,3,True,False,https://wallbox.com/en_catalog/,https://support.wallbox.com/wp-content/uploads/2022/08/EN_PulsarMax_Datasheet_English.pdf,https://assets.zappyride.com/img/chargers/Wallbox%20Pulsar%20Max%20AC%20EV%20Charger.png,False,0,0,UL,400.0,22.0,[]
Commander 2S,Wallbox_Commander_2S_AC_EV_Charger,Wallbox,,1371,https://wallbox.com/en_au/buy-commander2s-au,32.0,Wall mounted,16,Hardwired,J1772,True,3,True,False,https://wallbox.com/en_au/commander-2-ev-charger-business,file:///C:/Users/Lenovo/Downloads/EN_DS_Commander2S_20240201.pdf,https://assets.zappyride.com/img/chargers/Wallbox%20Commander%202S%20AC%20EV%20Charger.png,False,0,0,"CE, IEC",400.0,22.0,[]
Portable,Rivian_Portable_AC_EV_Charger,Rivian,,400,https://rivian.com/gear-shop/p/rivian-portable-charger,32.0,Portable,18,"5-15,14-50",J1772,False,1,True,True,https://rivian.com/experience/charging,https://assets.rivian.com/2md5qhoeajym/38640SefdcuhaAvnRdAVnj/25739c5c00826fdfb58020ac73dbd9c8/portable-charger-240V-outlet-install-en-us-20220622.pdf,https://assets.zappyride.com/img/chargers/Rivian%20Portable%20AC%20EV%20Charger.png,False,0,,Energy Star,240.0,7.6,[]
R1T,Rivian_R1T_AC_EV_Charger,Rivian,,229,https://ev-chargers.com/rivian/rivian-r1t-ev-chargers/,40.0,Portable,25,14-50,J1772,False,1,True,True,https://ev-chargers.com/rivian/rivian-r1t-ev-chargers/,https://ev-chargers.com/rivian/rivian-r1t-ev-chargers/,https://assets.zappyride.com/img/chargers/Rivian%20R1T%20AC%20EV%20Charger.png,False,0,,UL,240.0,9.6,[]
NOVO,Atess_NOVO_EVA-07D-SE_PE_AC_EV_Charger,Atess,EVA-07D-SE/PE,1234,https://www.alibaba.com/product-detail/ATESS-Floor-standing-type-single-phase_1600618005781.html?spm=a2700.7724857.0.0.693b2523S8QkPc,32.0,Pedestal,16,Hardwired,J1772,True,1,True,False,https://www.atesspower.com/Product/EV/Dual/177.html,https://www.atesspower.com/Uploads/20240109051043_726150.pdf,https://assets.zappyride.com/img/chargers/Atess%20NOVO%20EVA-07D-SE%20PE%20AC%20EV%20Charger.png,False,0,0,"CE, RCM",230.0,7.3,[]
NOVO,Atess_NOVO_EVA-11D-SE_PE_AC_EV_Charger,Atess,EVA-11D-SE/PE,1412,https://www.alibaba.com/product-detail/ATESS-Floor-standing-type-three-phase_1600618488841.html?spm=a2700.7724857.0.0.693b2523S8QkPc,16.0,Pedestal,16,Hardwired,J1772,True,1,True,False,https://www.atesspower.com/Product/EV/Dual/176.html,https://www.atesspower.com/Uploads/20240109051043_726150.pdf,https://assets.zappyride.com/img/chargers/Atess%20NOVO%20EVA-11D-SE%20PE%20AC%20EV%20Charger.png,False,0,0,"CE, RCM",400.0,11.0,[]
NOVO,Atess_NOVO_EVA-22D-SE_PE_AC_EV_Charger,Atess,EVA-22D-SE/PE,1592,https://www.alibaba.com/product-detail/Atess-Floor-standing-Type-Three-Phase_1600909301494.html?spm=a2700.7724857.0.0.693b2523S8QkPc,32.0,Pedestal,16,Hardwired,J1772,True,1,True,False,https://www.atesspower.com/Product/EV/Dual/178.html,https://www.atesspower.com/Uploads/20240109051043_726150.pdf,https://assets.zappyride.com/img/chargers/Atess%20NOVO%20EVA-22D-SE%20PE%20AC%20EV%20Charger.png,False,0,0,"CE, RCM",400.0,22.0,[]
NOVO,Atess_NOVO_EVA-07D-SEW_PEW_AC_EV_Charger,Atess,EVA-07D-SEW/PEW,1324,https://www.alibaba.com/product-detail/NOVO-EVA-07D-PEW-EVA-07D_1600909724670.html?spm=a2700.details.buy_together.4.30504275iNye6F,32.0,Wall mounted,16,Hardwired,J1772,True,1,True,False,https://www.atesspower.com/Product/EV/Dual/179.html,https://www.atesspower.com/Uploads/20240109051112_913554.pdf,https://assets.zappyride.com/img/chargers/Atess%20NOVO%20EVA-07D-SEW%20PEW%20AC%20EV%20Charger.png,False,0,0,"CE,RCM",230.0,7.3,[]
NOVO,Atess_NOVO_EVA-22D-SEW_PEW_AC_EV_Charger,Atess,EVA-22D-SEW/PEW,1392,https://www.alibaba.com/product-detail/Atess-NOVO-EVA-22D-PEW-EVA_1600909269337.html?spm=a2700.7724857.0.0.5b1fd0ef6VUekF,32.0,Wall mounted,16,Hardwired,J1772,True,1,True,False,https://www.atesspower.com/Product/EV/Dual/180.html,https://www.atesspower.com/Uploads/20240109051112_913554.pdf,https://assets.zappyride.com/img/chargers/Atess%20NOVO%20EVA-22D-SEW%20PEW%20AC%20EV%20Charger.png,False,0,0,"CE,RCM",400.0,22.0,[]
EV-550,Gateway_International_360_EV550-W_EV_Charger,Gateway International 360,W,3675,https://www.mscdirect.com/browse/tn/Fleet-Maintenance/Automotive-Electrical-Lighting/Motor-Vehicle-Batteries-Battery-Equipment/EV-Charging-Stations-Accessories/EV-Charging-Stations?navid=2110037,80.0,Pedestal,18,Hardwired,J1772,True,3,True,True,https://www.gatewayintl360.com/,file:///C:/Users/Vin/Downloads/SES_GW-EV550-SPEC-SHEET.pdf,https://assets.zappyride.com/img/chargers/Gateway%20International%20360%20EV550-W%20EV%20Charger.png,False,0,0,"UL,FCC",240.0,19.2,[]
EV-550,Gateway_International_360_EV550-C_EV_Charger,Gateway International 360,C,3675,https://www.mscdirect.com/browse/tn/Fleet-Maintenance/Automotive-Electrical-Lighting/Motor-Vehicle-Batteries-Battery-Equipment/EV-Charging-Stations-Accessories/EV-Charging-Stations?navid=2110037,80.0,Pedestal,18,Hardwired,J1772,False,3,True,True,https://www.gatewayintl360.com/,file:///C:/Users/Vin/Downloads/SES_GW-EV550-SPEC-SHEET.pdf,https://assets.zappyride.com/img/chargers/Gateway%20International%20360%20EV550-C%20EV%20Charger.png,False,0,0,"UL,FCC",240.0,19.2,[]
EV-500,Gateway_International_360_EV500-W_EV_Charger,Gateway International 360,W,2361,https://www.mscdirect.com/browse/tn/Fleet-Maintenance/Automotive-Electrical-Lighting/Motor-Vehicle-Batteries-Battery-Equipment/EV-Charging-Stations-Accessories/EV-Charging-Stations?navid=2110037,48.0,Pedestal,18,Hardwired,J1772,True,3,True,True,https://www.gatewayintl360.com/,file:///C:/Users/Vin/Downloads/SES_GW-EV500-SPEC-SHEET.pdf,https://assets.zappyride.com/img/chargers/Gateway%20International%20360%20EV500-W%20EV%20Charger.png,False,0,0,"UL,FCC",240.0,11.5,[]
EV-500,Gateway_International_360_EV500-C_EV_Charger,Gateway International 360,C,2361,https://www.mscdirect.com/browse/tn/Fleet-Maintenance/Automotive-Electrical-Lighting/Motor-Vehicle-Batteries-Battery-Equipment/EV-Charging-Stations-Accessories/EV-Charging-Stations?navid=2110037,48.0,Pedestal,18,Hardwired,J1772,False,3,True,True,https://www.gatewayintl360.com/,file:///C:/Users/Vin/Downloads/SES_GW-EV500-SPEC-SHEET.pdf,https://assets.zappyride.com/img/chargers/Gateway%20International%20360%20EV500-C%20EV%20Charger.png,False,0,0,"UL,FCC",240.0,11.5,[]
Residential Series,ZEF_Energy_Residential_Series_32A_EV_Charger,ZEF Energy,ZEFNET-40-U,2625,,32.0,Wall mounted,25,Hardwired,J1772,True,5,True,True,https://www.zefenergy.com/products,https://app.hubspot.com/documents/20937274/view/692731356?accessId=a78e44,https://assets.zappyride.com/img/chargers/ZEF%20Energy%20Residential%20Series%2032A%20EV%20Charger.png,False,0,0,"cUL,UL",240.0,7.7,[]
Residential Series,ZEF_Energy_Residential_Series_48A_EV_Charger,ZEF Energy,ZEFNET-60-U,3015,,48.0,Wall mounted,25,Hardwired,J1772,True,5,True,True,https://www.zefenergy.com/products,https://app.hubspot.com/documents/20937274/view/692731356?accessId=a78e44,https://assets.zappyride.com/img/chargers/ZEF%20Energy%20Residential%20Series%2048A%20EV%20Charger.png,False,0,0,"cUL,UL",240.0,11.5,[]
Residential Series,ZEF_Energy_Residential_Series_64A_EV_Charger,ZEF Energy,ZEFNET-80-U,3245,,64.0,Wall mounted,25,Hardwired,J1772,True,5,True,True,https://www.zefenergy.com/products,https://app.hubspot.com/documents/20937274/view/692731356?accessId=a78e44,https://assets.zappyride.com/img/chargers/ZEF%20Energy%20Residential%20Series%2064A%20EV%20Charger.png,False,0,0,"cUL,UL",240.0,15.4,[]
Residential Series,ZEF_Energy_Residential_Series_80A_EV_Charger,ZEF Energy,ZEFNET-100-C,4274,,80.0,Wall mounted,25,Hardwired,J1772,True,5,True,True,https://www.zefenergy.com/products,https://app.hubspot.com/documents/20937274/view/692731356?accessId=a78e44,https://assets.zappyride.com/img/chargers/ZEF%20Energy%20Residential%20Series%2080A%20EV%20Charger.png,False,0,0,"cUL,UL",240.0,19.2,[]
Pro Series,ZEF_Energy_Pro_Series_32A_EV_Charger,ZEF Energy,ZEFNET-40-PRO,9075,,32.0,Wall mounted,23,Hardwired,J1772,True,5,True,True,https://www.zefenergy.com/products,https://static1.squarespace.com/static/5a452989f6576e04a03298a3/t/621ba78f464b055ea80178d4/1645979536944/ZEF_ZEFNETpro_CutSheet_2021_ZEF+Sales+Team_v3+comp.pdf,https://assets.zappyride.com/img/chargers/ZEF%20Energy%20Pro%20Series%2032A%20EV%20Charger.png,False,0,0,"cETL,ETL",240.0,15.4,[]
Pro Series,ZEF_Energy_Pro_Series_48A_EV_Charger,ZEF Energy,ZEFNET-60-PRO,9855,,48.0,Wall mounted,23,Hardwired,J1772,True,5,True,True,https://www.zefenergy.com/products,https://static1.squarespace.com/static/5a452989f6576e04a03298a3/t/621ba78f464b055ea80178d4/1645979536944/ZEF_ZEFNETpro_CutSheet_2021_ZEF+Sales+Team_v3+comp.pdf,https://assets.zappyride.com/img/chargers/ZEF%20Energy%20Pro%20Series%2048A%20EV%20Charger.png,False,0,0,"cETL,ETL",240.0,23.0,[]
Pro Series,ZEF_Energy_Pro_Series_64A_EV_Charger,ZEF Energy,ZEFNET-80-PRO,10325,,64.0,Wall mounted,23,Hardwired,J1772,True,5,True,True,https://www.zefenergy.com/products,https://static1.squarespace.com/static/5a452989f6576e04a03298a3/t/621ba78f464b055ea80178d4/1645979536944/ZEF_ZEFNETpro_CutSheet_2021_ZEF+Sales+Team_v3+comp.pdf,https://assets.zappyride.com/img/chargers/ZEF%20Energy%20Pro%20Series%2064A%20EV%20Charger.png,False,0,0,"cETL,ETL",240.0,30.8,[]
Power K-Series,ZEF_Energy_Power_K_Series_Movable_Charger_EV_Charger,ZEF Energy,Movable Charger,28336,,,Portable,23,Hardwired,"CCS1,CHAdeMO",True,5,True,True,https://www.zefenergy.com/products,https://static1.squarespace.com/static/5a452989f6576e04a03298a3/t/64342ed7dd67a81ee1013dfa/1681141464231/ZEFNET+MOVABLE+CHARGER+DATASHEET+REV.1.10+02-2023.pdf,https://assets.zappyride.com/img/chargers/ZEF%20Energy%20Power%20K%20Series%20Movable%20Charger%20EV%20Charger.png,False,0,0,UL,,,[]
